"STATION","DATE","LATITUDE","LONGITUDE","ELEVATION","NAME","TEMP","TEMP_ATTRIBUTES","DEWP","DEWP_ATTRIBUTES","SLP","SLP_ATTRIBUTES","STP","STP_ATTRIBUTES","VISIB","VISIB_ATTRIBUTES","WDSP","WDSP_ATTRIBUTES","MXSPD","GUST","MAX","MAX_ATTRIBUTES","MIN","MIN_ATTRIBUTES","PRCP","PRCP_ATTRIBUTES","SNDP","FRSHTT"
"72429793812","2014-01-01","39.106","-84.41609","144.8","CINCINNATI MUNICIPAL AIRPORT LUNKEN FIELD, OH US","  31.0","24","  22.8","24","1024.6","24","006.0","24","  9.7","24","  2.8","24","  8.0","999.9","  48.0"," ","  19.9"," "," 0.00","G","999.9","000000"
"72429793812","2014-01-02","39.106","-84.41609","144.8","CINCINNATI MUNICIPAL AIRPORT LUNKEN FIELD, OH US","  29.4","24","  25.7","24","1016.1","12","996.9","24","  4.7","24","  4.5","24"," 17.1"," 22.0","  37.9","*","  15.8","*"," 0.19","G","999.9","111000"
"72429793812","2014-01-03","39.106","-84.41609","144.8","CINCINNATI MUNICIPAL AIRPORT LUNKEN FIELD, OH US","  11.4","24","   3.4","24","1031.3","22","011.3","24","  9.0","24","  5.0","24"," 15.9"," 25.1","  17.1","*","   3.9","*"," 0.12","G","999.9","001000"
"72429793812","2014-01-04","39.106","-84.41609","144.8","CINCINNATI MUNICIPAL AIRPORT LUNKEN FIELD, OH US","  21.5","24","  11.4","24","1024.0","24","005.1","24"," 10.0","24","  6.9","24"," 20.0"," 24.1","  39.0"," ","   3.0"," "," 0.00","G","999.9","000000"
"72429793812","2014-01-05","39.106","-84.41609","144.8","CINCINNATI MUNICIPAL AIRPORT LUNKEN FIELD, OH US","  34.3","24","  29.8","24","1014.8","21","994.8","24","  8.8","24","  1.6","24","  8.9","999.9","  48.0"," ","   9.0"," "," 0.00","G","999.9","010000"
"72429793812","2014-01-06","39.106","-84.41609","144.8","CINCINNATI MUNICIPAL AIRPORT LUNKEN FIELD, OH US","  12.1","24","  -2.2","14","1019.2","13","998.8","24","  6.9","24"," 13.7","24"," 22.0"," 33.0","  41.0","*","  -2.2","*"," 0.60","G","999.9","111000"
"72429793812","2014-01-07","39.106","-84.41609","144.8","CINCINNATI MUNICIPAL AIRPORT LUNKEN FIELD, OH US","   0.9","24","  -8.0","24","1032.7","22","013.2","24","  8.8","24"," 11.1","24"," 18.1"," 24.1","  12.0","*","  -5.8","*"," 0.00","G","999.9","001000"
"72429793812","2014-01-08","39.106","-84.41609","144.8","CINCINNATI MUNICIPAL AIRPORT LUNKEN FIELD, OH US","  17.7","24","   8.8","24","1031.7","24","012.5","24"," 10.0","24","  4.9","24","  8.0","999.9","  30.9"," ","  -5.1"," "," 0.00","G","999.9","000000"
"72429793812","2014-01-09","39.106","-84.41609","144.8","CINCINNATI MUNICIPAL AIRPORT LUNKEN FIELD, OH US","  30.3","24","  23.4","24","1032.4","23","013.4","24","  9.4","24","  1.9","24"," 11.1","999.9","  37.9"," ","   9.0"," "," 0.00","G","999.9","001000"
"72429793812","2014-01-10","39.106","-84.41609","144.8","CINCINNATI MUNICIPAL AIRPORT LUNKEN FIELD, OH US","  38.3","24","  37.1","24","1025.9"," 9","004.6","24","  5.9","24","  1.8","24","  8.0","999.9","  51.1"," ","  21.0"," "," 0.04","G","999.9","011000"
"72429793812","2014-01-11","39.106","-84.41609","144.8","CINCINNATI MUNICIPAL AIRPORT LUNKEN FIELD, OH US","  48.5","24","  43.9","24","1002.9","13","986.6","24","  8.7","24","  9.7","24"," 21.0"," 28.0","  53.1"," ","  39.0"," "," 0.00","G","999.9","110000"
"72429793812","2014-01-12","39.106","-84.41609","144.8","CINCINNATI MUNICIPAL AIRPORT LUNKEN FIELD, OH US","  37.9","24","  30.0","24","1015.0","22","996.2","24"," 10.0","24","  7.5","24"," 13.0"," 22.0","  53.1"," ","  33.1"," "," 0.01","G","999.9","000000"
"72429793812","2014-01-13","39.106","-84.41609","144.8","CINCINNATI MUNICIPAL AIRPORT LUNKEN FIELD, OH US","  42.5","24","  34.7","24","1011.0","23","992.7","24"," 10.0","24","  7.5","24"," 17.1"," 27.0","  53.1"," ","  30.0"," "," 0.00","G","999.9","010000"
"72429793812","2014-01-14","39.106","-84.41609","144.8","CINCINNATI MUNICIPAL AIRPORT LUNKEN FIELD, OH US","  42.8","24","  34.7","24","1009.9","19","991.7","24","  9.0","24","  6.8","24"," 15.9"," 21.0","  53.1"," ","  30.0"," "," 0.13","G","999.9","010000"
"72429793812","2014-01-15","39.106","-84.41609","144.8","CINCINNATI MUNICIPAL AIRPORT LUNKEN FIELD, OH US","  31.1","24","  21.1","24","1016.8","19","998.2","24","  8.7","24","  9.0","24"," 17.1"," 24.1","  48.9"," ","  26.1"," "," 0.02","G","999.9","011000"
"72429793812","2014-01-16","39.106","-84.41609","144.8","CINCINNATI MUNICIPAL AIRPORT LUNKEN FIELD, OH US","  23.5","24","  17.3","24","1015.9","21","996.9","24","  8.8","24","  8.1","24"," 15.0"," 21.0","  33.1"," ","  17.1"," "," 0.00","G","999.9","001000"
"72429793812","2014-01-17","39.106","-84.41609","144.8","CINCINNATI MUNICIPAL AIRPORT LUNKEN FIELD, OH US","  27.2","24","  22.1","24","1012.0","12","993.4","24","  7.6","24","  8.0","24"," 21.0"," 28.0","  33.8","*","  17.1","*"," 0.00","G","999.9","101000"
"72429793812","2014-01-18","39.106","-84.41609","144.8","CINCINNATI MUNICIPAL AIRPORT LUNKEN FIELD, OH US","  18.6","24","  10.9","24","1018.2","21","999.0","24","  8.2","24","  7.8","24"," 12.0","999.9","  33.1"," ","  12.0"," "," 0.04","G","999.9","001000"
"72429793812","2014-01-19","39.106","-84.41609","144.8","CINCINNATI MUNICIPAL AIRPORT LUNKEN FIELD, OH US","  28.9","24","  22.4","24","1013.1","18","994.0","24","  8.0","24","  7.8","24"," 15.9"," 21.0","  34.0"," ","  14.0"," "," 0.05","G","999.9","011000"
"72429793812","2014-01-20","39.106","-84.41609","144.8","CINCINNATI MUNICIPAL AIRPORT LUNKEN FIELD, OH US","  37.8","24","  25.3","24","1010.4","24","992.2","24"," 10.0","24"," 10.4","24"," 17.1"," 22.0","  45.0"," ","  24.1"," "," 0.01","G","999.9","000000"
"72429793812","2014-01-21","39.106","-84.41609","144.8","CINCINNATI MUNICIPAL AIRPORT LUNKEN FIELD, OH US","  23.1","24","  16.9","24","1016.5","17","997.1","24","  5.2","24","  9.0","24"," 19.0"," 27.0","  45.0"," ","  10.0"," "," 0.20","G","999.9","001000"
"72429793812","2014-01-22","39.106","-84.41609","144.8","CINCINNATI MUNICIPAL AIRPORT LUNKEN FIELD, OH US","   5.7","24","  -2.4","24","1022.5","20","003.6","24","  8.3","24","  4.7","24"," 11.1","999.9","  14.0","*","  -4.0","*"," 0.00","H","999.9","101000"
"72429793812","2014-01-23","39.106","-84.41609","144.8","CINCINNATI MUNICIPAL AIRPORT LUNKEN FIELD, OH US","   9.2","24","  -0.9","24","1029.4","20","009.4","24","  8.9","24","  9.9","24"," 17.1"," 25.1","  17.1"," ","  -4.0"," "," 0.00","G","999.9","001000"
"72429793812","2014-01-24","39.106","-84.41609","144.8","CINCINNATI MUNICIPAL AIRPORT LUNKEN FIELD, OH US","   6.0","24","  -3.6","24","1034.1","23","015.0","24","  9.8","24"," 10.1","24"," 19.0"," 27.0","  19.0"," ","  -5.1"," "," 0.00","G","999.9","000000"
"72429793812","2014-01-25","39.106","-84.41609","144.8","CINCINNATI MUNICIPAL AIRPORT LUNKEN FIELD, OH US","  24.5","24","  13.8","24","1009.7","14","989.1","24","  6.4","24"," 16.9","24"," 27.0"," 34.0","  35.1","*","  19.0","*"," 0.00","G","999.9","001000"
"72429793812","2014-01-26","39.106","-84.41609","144.8","CINCINNATI MUNICIPAL AIRPORT LUNKEN FIELD, OH US","  23.0","24","   8.7","24","1009.1","24","990.6","24","  9.9","24","  8.2","24"," 15.9"," 22.0","  44.1"," ","  10.0"," "," 0.00","G","999.9","001000"
"72429793812","2014-01-27","39.106","-84.41609","144.8","CINCINNATI MUNICIPAL AIRPORT LUNKEN FIELD, OH US","  19.2","24","   6.3","24","1016.9","24","998.4","24"," 10.0","24","  8.2","24"," 17.1"," 35.9","  44.1"," ","   9.0"," "," 0.00","G","999.9","000000"
"72429793812","2014-01-28","39.106","-84.41609","144.8","CINCINNATI MUNICIPAL AIRPORT LUNKEN FIELD, OH US","   2.9","24"," -11.3","24","1032.4","24","013.1","24"," 10.0","24","  3.9","24","  9.9","999.9","  10.0","*","  -6.0","*"," 0.00","G","999.9","001000"
"72429793812","2014-01-29","39.106","-84.41609","144.8","CINCINNATI MUNICIPAL AIRPORT LUNKEN FIELD, OH US","   6.0","24","  -4.0","24","1029.6","24","010.3","24","  9.7","24","  3.8","24"," 15.0","999.9","  23.0"," ","  -7.1"," "," 0.00","G","999.9","000000"
"72429793812","2014-01-30","39.106","-84.41609","144.8","CINCINNATI MUNICIPAL AIRPORT LUNKEN FIELD, OH US","  16.4","24","   2.8","24","1024.2","24","005.2","24"," 10.0","24","  6.7","24"," 14.0"," 19.0","  33.1"," ","  -6.0"," "," 0.00","G","999.9","000000"
"72429793812","2014-01-31","39.106","-84.41609","144.8","CINCINNATI MUNICIPAL AIRPORT LUNKEN FIELD, OH US","  35.1","24","  12.9","24","1019.2","24","000.8","24"," 10.0","24","  4.9","24","  9.9","999.9","  43.0","*","  27.0","*"," 0.00","G","999.9","000000"
"72429793812","2014-02-01","39.106","-84.41609","144.8","CINCINNATI MUNICIPAL AIRPORT LUNKEN FIELD, OH US","  42.0","24","  28.5","24","1016.1","23","997.9","24"," 10.0","24","  4.2","24"," 15.0","999.9","  57.9"," ","  30.0"," "," 0.00","G","999.9","000000"
"72429793812","2014-02-02","39.106","-84.41609","144.8","CINCINNATI MUNICIPAL AIRPORT LUNKEN FIELD, OH US","  37.0","24","  32.4","24","1017.9","20","999.6","24","  7.0","24","  6.8","24"," 12.0"," 15.9","  57.9"," ","  30.0"," "," 0.15","G","999.9","011000"
"72429793812","2014-02-03","39.106","-84.41609","144.8","CINCINNATI MUNICIPAL AIRPORT LUNKEN FIELD, OH US","  29.7","24","  20.3","24","1025.1","18","006.1","24","  8.2","24","  6.4","24"," 11.1","999.9","  45.0"," ","  26.1"," "," 0.09","G","999.9","001000"
"72429793812","2014-02-04","39.106","-84.41609","144.8","CINCINNATI MUNICIPAL AIRPORT LUNKEN FIELD, OH US","  25.7","24","  18.8","24","1027.4","22","008.2","24","  8.7","24","  5.2","24"," 17.1"," 22.0","  36.0"," ","  19.9"," "," 0.03","G","999.9","101000"
"72429793812","2014-02-05","39.106","-84.41609","144.8","CINCINNATI MUNICIPAL AIRPORT LUNKEN FIELD, OH US","  28.9","24","  25.3","24","1014.8","12","996.4","24","  4.3","24","  7.9","24"," 15.9"," 20.0","  32.0"," ","  19.9"," "," 0.93","G","999.9","111000"
"72429793812","2014-02-06","39.106","-84.41609","144.8","CINCINNATI MUNICIPAL AIRPORT LUNKEN FIELD, OH US","  22.8","24","  15.6","24","1030.7","19","011.6","24","  8.0","24","  5.6","24","  8.9","999.9","  32.0"," ","  15.1"," "," 0.01","G","999.9","001000"
"72429793812","2014-02-07","39.106","-84.41609","144.8","CINCINNATI MUNICIPAL AIRPORT LUNKEN FIELD, OH US","  12.5","24","   0.5","24","1032.4","24","013.3","24"," 10.0","24","  3.9","24","  9.9","999.9","  25.0"," ","   3.0"," "," 0.00","G","999.9","000000"
"72429793812","2014-02-08","39.106","-84.41609","144.8","CINCINNATI MUNICIPAL AIRPORT LUNKEN FIELD, OH US","  18.3","24","   8.9","24","1028.5","21","009.0","24","  9.2","24","  2.6","24","  7.0","999.9","  26.6","*","  14.0","*"," 0.00","G","999.9","001000"
"72429793812","2014-02-09","39.106","-84.41609","144.8","CINCINNATI MUNICIPAL AIRPORT LUNKEN FIELD, OH US","  27.3","24","  21.2","24","1021.8","17","002.8","24","  7.7","24","  5.2","24"," 13.0"," 19.0","  28.9"," ","  12.9"," "," 0.00","G","999.9","011000"
"72429793812","2014-02-10","39.106","-84.41609","144.8","CINCINNATI MUNICIPAL AIRPORT LUNKEN FIELD, OH US","  18.1","24","   7.0","24","1027.5","24","008.6","24","  9.5","24","  4.8","24","  9.9","999.9","  28.9"," ","  10.9"," "," 0.03","G","999.9","000000"
"72429793812","2014-02-11","39.106","-84.41609","144.8","CINCINNATI MUNICIPAL AIRPORT LUNKEN FIELD, OH US","  12.2","24","   1.6","24","1032.4","24","013.3","24","  9.5","24","  4.5","24","  8.0","999.9","  24.1"," ","   1.9"," "," 0.00","G","999.9","000000"
"72429793812","2014-02-12","39.106","-84.41609","144.8","CINCINNATI MUNICIPAL AIRPORT LUNKEN FIELD, OH US","  15.7","24","   4.4","24","1027.0","24","007.9","24","  9.8","24","  4.6","24","  7.0","999.9","  35.1"," ","   1.9"," "," 0.00","G","999.9","000000"
"72429793812","2014-02-13","39.106","-84.41609","144.8","CINCINNATI MUNICIPAL AIRPORT LUNKEN FIELD, OH US","  25.0","24","  10.0","24","1013.7","24","995.1","24","  9.0","24","  2.7","24","  8.0","999.9","  41.0"," ","   1.9"," "," 0.00","G","999.9","000000"
"72429793812","2014-02-14","39.106","-84.41609","144.8","CINCINNATI MUNICIPAL AIRPORT LUNKEN FIELD, OH US","  32.2","24","  21.6","24","1006.4","20","988.1","24","  7.8","24","  7.1","24"," 11.1"," 17.1","  36.0","*","  30.0","*"," 0.00","G","999.9","001000"
"72429793812","2014-02-15","39.106","-84.41609","144.8","CINCINNATI MUNICIPAL AIRPORT LUNKEN FIELD, OH US","  23.7","24","  15.9","24","1017.1","17","997.1","24","  7.3","24","  7.2","24"," 14.0"," 19.0","  35.1"," ","  19.0"," "," 0.24","G","999.9","001000"
"72429793812","2014-02-16","39.106","-84.41609","144.8","CINCINNATI MUNICIPAL AIRPORT LUNKEN FIELD, OH US","  25.7","24","  19.4","24","1019.8","21","001.0","24","  7.6","24","  5.8","24"," 12.0","999.9","  32.0"," ","  19.0"," "," 0.04","G","999.9","001000"
"72429793812","2014-02-17","39.106","-84.41609","144.8","CINCINNATI MUNICIPAL AIRPORT LUNKEN FIELD, OH US","  23.5","24","  16.5","24","1024.1","20","003.7","24","  6.8","24","  5.0","24","  8.0"," 14.0","  36.0"," ","   9.0"," "," 0.43","B","999.9","010010"
"72429793812","2014-02-18","39.106","-84.41609","144.8","CINCINNATI MUNICIPAL AIRPORT LUNKEN FIELD, OH US","  40.3","24","  28.3","24","1017.2","20","998.1","24"," 10.0","24"," 10.8","24"," 28.0"," 40.0","  50.0","*","  35.1","*"," 0.00","A","999.9","000000"
"72429793812","2014-02-19","39.106","-84.41609","144.8","CINCINNATI MUNICIPAL AIRPORT LUNKEN FIELD, OH US","  40.4","24","  31.8","24","1012.8","22","994.3","24","  9.7","24","  4.3","24"," 15.0"," 19.0","  50.0"," ","  32.0"," "," 0.04","G","999.9","010000"
"72429793812","2014-02-20","39.106","-84.41609","144.8","CINCINNATI MUNICIPAL AIRPORT LUNKEN FIELD, OH US","  44.3","24","  37.9","24","1011.7","24","993.5","24"," 10.0","24","  6.0","24"," 19.0"," 28.0","  66.0"," ","  26.1"," "," 0.00","C","999.9","000000"
"72429793812","2014-02-21","39.106","-84.41609","144.8","CINCINNATI MUNICIPAL AIRPORT LUNKEN FIELD, OH US","  48.2","24","  29.1","17","1009.0","21","989.7","24","  9.3","24"," 16.6","24"," 34.0"," 42.0","  66.0"," ","  26.1"," "," 0.43","G","999.9","010010"
"72429793812","2014-02-22","39.106","-84.41609","144.8","CINCINNATI MUNICIPAL AIRPORT LUNKEN FIELD, OH US","  42.6","24","  23.3","24","1016.6","24","998.3","24"," 10.0","24","  6.9","24"," 14.0","999.9","  60.1"," ","  28.0"," "," 0.03","G","999.9","000000"
"72429793812","2014-02-23","39.106","-84.41609","144.8","CINCINNATI MUNICIPAL AIRPORT LUNKEN FIELD, OH US","  37.3","24","  30.1","24","1018.4","18","000.6","24","  9.7","24","  4.9","24"," 12.0","999.9","  44.1","*","  30.9","*"," 0.00","G","999.9","011000"
"72429793812","2014-02-24","39.106","-84.41609","144.8","CINCINNATI MUNICIPAL AIRPORT LUNKEN FIELD, OH US","  29.1","24","  11.9","24","1024.8","24","006.2","24"," 10.0","24","  7.6","24"," 12.0"," 20.0","  41.0"," ","  21.9"," "," 0.02","G","999.9","000000"
"72429793812","2014-02-25","39.106","-84.41609","144.8","CINCINNATI MUNICIPAL AIRPORT LUNKEN FIELD, OH US","  28.9","24","  15.4","24","1022.9","22","004.4","24","  9.5","24","  6.6","24"," 14.0","999.9","  36.0"," ","  21.9"," "," 0.00","G","999.9","001000"
"72429793812","2014-02-26","39.106","-84.41609","144.8","CINCINNATI MUNICIPAL AIRPORT LUNKEN FIELD, OH US","  21.7","24","   6.5","24","1020.7","22","002.1","24","  9.9","24","  8.5","23"," 14.0"," 19.0","  34.0"," ","  12.0"," "," 0.00","G","999.9","001000"
"72429793812","2014-02-27","39.106","-84.41609","144.8","CINCINNATI MUNICIPAL AIRPORT LUNKEN FIELD, OH US","  21.9","24","   1.4","24","1014.8","24","996.1","24"," 10.0","24"," 11.4","23"," 17.1"," 28.0","  27.0"," ","  12.0"," "," 0.00","G","999.9","000000"
"72429793812","2014-02-28","39.106","-84.41609","144.8","CINCINNATI MUNICIPAL AIRPORT LUNKEN FIELD, OH US","  21.0","24","   2.7","24","1023.8","24","005.0","24"," 10.0","24","  6.0","24"," 11.1","999.9","  37.9"," ","  10.0"," "," 0.00","G","999.9","000000"
"72429793812","2014-03-01","39.106","-84.41609","144.8","CINCINNATI MUNICIPAL AIRPORT LUNKEN FIELD, OH US","  35.4","24","  23.7","24","1021.0","24","002.5","24"," 10.0","24","  1.9","24","  8.9","999.9","  53.1"," ","  10.0"," "," 0.00","G","999.9","000000"
"72429793812","2014-03-02","39.106","-84.41609","144.8","CINCINNATI MUNICIPAL AIRPORT LUNKEN FIELD, OH US","  32.4","24","  26.9","24","1021.4","12","003.4","24","  5.8","24","  7.0","24"," 13.0"," 19.0","  53.1"," ","  21.9"," "," 0.07","G","999.9","011000"
"72429793812","2014-03-03","39.106","-84.41609","144.8","CINCINNATI MUNICIPAL AIRPORT LUNKEN FIELD, OH US","  18.1","24","   8.9","24","1028.2","17","008.5","24","  6.9","24"," 10.4","24"," 17.1"," 22.9","  21.9","*","  14.0","*"," 0.37","G","999.9","001000"
"72429793812","2014-03-04","39.106","-84.41609","144.8","CINCINNATI MUNICIPAL AIRPORT LUNKEN FIELD, OH US","  17.9","24","   7.8","24","1028.2","24","009.2","24"," 10.0","24","  2.7","24","  5.1","999.9","  34.0"," ","   8.1"," "," 0.02","G","999.9","000000"
"72429793812","2014-03-05","39.106","-84.41609","144.8","CINCINNATI MUNICIPAL AIRPORT LUNKEN FIELD, OH US","  26.8","24","  17.5","24","1025.7","24","006.9","24","  9.0","24","  3.3","24","  9.9","999.9","  39.0"," ","   8.1"," "," 0.00","G","999.9","000000"
"72429793812","2014-03-06","39.106","-84.41609","144.8","CINCINNATI MUNICIPAL AIRPORT LUNKEN FIELD, OH US","  31.4","24","  18.1","24","1026.0","24","007.4","24"," 10.0","24","  7.8","24"," 12.0","999.9","  46.9"," ","  16.0"," "," 0.00","G","999.9","000000"
"72429793812","2014-03-07","39.106","-84.41609","144.8","CINCINNATI MUNICIPAL AIRPORT LUNKEN FIELD, OH US","  38.1","24","  25.7","24","1018.2","24","999.8","24","  8.7","24","  1.4","24","  5.1","999.9","  60.1"," ","  21.0"," "," 0.00","G","999.9","000000"
"72429793812","2014-03-08","39.106","-84.41609","144.8","CINCINNATI MUNICIPAL AIRPORT LUNKEN FIELD, OH US","  40.7","24","  30.4","24","1017.0","24","998.7","24","  9.4","24","  3.0","24"," 11.1"," 17.1","  60.1"," ","  21.0"," "," 0.00","G","999.9","000000"
"72429793812","2014-03-09","39.106","-84.41609","144.8","CINCINNATI MUNICIPAL AIRPORT LUNKEN FIELD, OH US","  38.4","24","  27.8","24","1022.8","21","004.5","24","  6.9","24","  6.8","24"," 14.0"," 21.0","  57.9"," ","  27.0"," "," 0.00","G","999.9","000000"
"72429793812","2014-03-10","39.106","-84.41609","144.8","CINCINNATI MUNICIPAL AIRPORT LUNKEN FIELD, OH US","  44.2","24","  30.9","24","1013.6","24","995.4","24","  9.7","24","  7.5","24"," 17.1"," 24.1","  64.0"," ","  28.9"," "," 0.00","G","999.9","000000"
"72429793812","2014-03-11","39.106","-84.41609","144.8","CINCINNATI MUNICIPAL AIRPORT LUNKEN FIELD, OH US","  56.4","24","  38.7","24","1006.0","24","988.2","24"," 10.0","24","  5.9","24"," 11.1"," 19.0","  73.9"," ","  28.9"," "," 0.00","G","999.9","000000"
"72429793812","2014-03-12","39.106","-84.41609","144.8","CINCINNATI MUNICIPAL AIRPORT LUNKEN FIELD, OH US","  45.1","24","  40.7","22","1002.1","15","982.9","24","  7.0","24","  7.7","24"," 25.1"," 32.1","  57.9","*","  32.0","*"," 0.17","G","999.9","011000"
"72429793812","2014-03-13","39.106","-84.41609","144.8","CINCINNATI MUNICIPAL AIRPORT LUNKEN FIELD, OH US","  26.9","24","  15.5","24","1021.1","23","002.3","24"," 10.0","24","  8.2","24"," 13.0"," 22.0","  37.9","*","  18.0","*"," 0.35","G","999.9","000000"
"72429793812","2014-03-14","39.106","-84.41609","144.8","CINCINNATI MUNICIPAL AIRPORT LUNKEN FIELD, OH US","  44.5","24","  25.4","24","1015.9","24","997.6","24"," 10.0","24"," 12.2","24"," 32.1"," 41.0","  64.0"," ","  18.0"," "," 0.00","G","999.9","000000"
"72429793812","2014-03-15","39.106","-84.41609","144.8","CINCINNATI MUNICIPAL AIRPORT LUNKEN FIELD, OH US","  51.8","24","  31.7","24","1016.1","23","998.0","24","  9.8","24","  8.4","24"," 20.0"," 27.0","  64.0"," ","  27.0"," "," 0.02","G","999.9","010000"
"72429793812","2014-03-16","39.106","-84.41609","144.8","CINCINNATI MUNICIPAL AIRPORT LUNKEN FIELD, OH US","  35.4","24","  21.0","24","1019.7","24","001.4","24"," 10.0","24"," 13.5","24"," 22.9"," 28.0","  59.0"," ","  30.9"," "," 0.00","G","999.9","000000"
"72429793812","2014-03-17","39.106","-84.41609","144.8","CINCINNATI MUNICIPAL AIRPORT LUNKEN FIELD, OH US","  30.1","24","  14.7","24","1014.6","22","996.2","24"," 10.0","24","  8.4","24"," 15.0"," 21.0","  41.0"," ","  25.0"," "," 0.00","G","999.9","000000"
"72429793812","2014-03-18","39.106","-84.41609","144.8","CINCINNATI MUNICIPAL AIRPORT LUNKEN FIELD, OH US","  38.3","24","  28.5","24","1014.1","23","995.7","24","  9.9","24","  5.1","24"," 14.0"," 20.0","  57.0"," ","  21.9"," "," 0.00","G","999.9","000000"
"72429793812","2014-03-19","39.106","-84.41609","144.8","CINCINNATI MUNICIPAL AIRPORT LUNKEN FIELD, OH US","  46.8","24","  41.3","24","1011.1","18","992.8","24","  9.0","24","  9.2","24"," 20.0"," 29.9","  57.0"," ","  21.9"," "," 0.00","G","999.9","010000"
"72429793812","2014-03-20","39.106","-84.41609","144.8","CINCINNATI MUNICIPAL AIRPORT LUNKEN FIELD, OH US","  43.7","24","  28.9","24","1018.4","22","000.2","24"," 10.0","24","  9.2","24"," 15.0"," 22.0","  55.0"," ","  35.1"," "," 0.29","G","999.9","000000"
"72429793812","2014-03-21","39.106","-84.41609","144.8","CINCINNATI MUNICIPAL AIRPORT LUNKEN FIELD, OH US","  50.3","24","  31.0","24","1015.7","24","997.6","24"," 10.0","24","  5.8","24"," 17.1"," 27.0","  69.1"," ","  33.1"," "," 0.00","G","999.9","000000"
"72429793812","2014-03-22","39.106","-84.41609","144.8","CINCINNATI MUNICIPAL AIRPORT LUNKEN FIELD, OH US","  51.4","24","  30.8","24","1015.7","24","997.7","24"," 10.0","24","  9.5","23"," 14.0"," 25.1","  69.1"," ","  33.1"," "," 0.00","G","999.9","000000"
"72429793812","2014-03-23","39.106","-84.41609","144.8","CINCINNATI MUNICIPAL AIRPORT LUNKEN FIELD, OH US","  37.3","24","  21.5","24","1024.9","22","006.4","24"," 10.0","24","  8.1","24"," 12.0"," 20.0","  42.1","*","  33.1","*"," 0.00","G","999.9","000000"
"72429793812","2014-03-24","39.106","-84.41609","144.8","CINCINNATI MUNICIPAL AIRPORT LUNKEN FIELD, OH US","  29.8","24","  13.5","24","1026.9","24","008.3","24"," 10.0","24","  3.4","23","  8.0","999.9","  42.1"," ","  19.9"," "," 0.00","G","999.9","000000"
"72429793812","2014-03-25","39.106","-84.41609","144.8","CINCINNATI MUNICIPAL AIRPORT LUNKEN FIELD, OH US","  32.6","24","  17.6","24","1018.7","23","000.2","24","  9.1","24","  5.7","24"," 19.0"," 26.0","  42.1"," ","  19.9"," "," 0.00","G","999.9","101000"
"72429793812","2014-03-26","39.106","-84.41609","144.8","CINCINNATI MUNICIPAL AIRPORT LUNKEN FIELD, OH US","  29.0","24","  11.7","24","1026.4","24","007.7","24","  9.8","24","  4.4","24"," 12.0"," 19.0","  41.0"," ","  17.1"," "," 0.01","G","999.9","001000"
"72429793812","2014-03-27","39.106","-84.41609","144.8","CINCINNATI MUNICIPAL AIRPORT LUNKEN FIELD, OH US","  40.5","24","  20.0","24","1020.3","24","001.9","24"," 10.0","24","  7.5","24"," 19.0"," 27.0","  57.9"," ","  17.1"," "," 0.00","G","999.9","010000"
"72429793812","2014-03-28","39.106","-84.41609","144.8","CINCINNATI MUNICIPAL AIRPORT LUNKEN FIELD, OH US","  54.8","24","  41.0","24","1012.7","22","994.6","24"," 10.0","24"," 13.2","24"," 20.0"," 31.1","  59.0","*","  48.2","*"," 0.20","G","999.9","010000"
"72429793812","2014-03-29","39.106","-84.41609","144.8","CINCINNATI MUNICIPAL AIRPORT LUNKEN FIELD, OH US","  41.3","24","  37.1","24","1016.6","19","998.2","24","  9.1","24","  8.4","24"," 17.1"," 24.1","  61.0"," ","  36.0"," "," 0.09","G","999.9","010000"
"72429793812","2014-03-30","39.106","-84.41609","144.8","CINCINNATI MUNICIPAL AIRPORT LUNKEN FIELD, OH US","  40.1","24","  26.7","24","1021.9","21","003.6","24"," 10.0","24","  7.5","24"," 13.0"," 21.0","  55.0"," ","  30.0"," "," 0.82","G","999.9","000000"
"72429793812","2014-03-31","39.106","-84.41609","144.8","CINCINNATI MUNICIPAL AIRPORT LUNKEN FIELD, OH US","  45.5","24","  30.0","24","1021.8","24","003.5","24"," 10.0","24","  3.1","24","  8.9","999.9","  66.0"," ","  28.0"," "," 0.00","G","999.9","000000"
"72429793812","2014-04-01","39.106","-84.41609","144.8","CINCINNATI MUNICIPAL AIRPORT LUNKEN FIELD, OH US","  59.9","24","  34.4","24","1014.8","24","996.9","24"," 10.0","24","  9.6","24"," 28.0"," 38.1","  75.9","*","  46.0","*"," 0.00","G","999.9","000000"
"72429793812","2014-04-02","39.106","-84.41609","144.8","CINCINNATI MUNICIPAL AIRPORT LUNKEN FIELD, OH US","  53.8","24","  41.0","24","1019.2","21","001.3","24","  9.7","24","  4.8","24","  9.9"," 19.0","  75.9"," ","  45.0"," "," 0.16","G","999.9","010010"
"72429793812","2014-04-03","39.106","-84.41609","144.8","CINCINNATI MUNICIPAL AIRPORT LUNKEN FIELD, OH US","  55.3","24","  53.2","24","1012.5","17","994.8","24","  8.6","24","  4.9","24"," 12.0"," 19.0","  64.0"," ","  45.0"," "," 0.97","G","999.9","010010"
"72429793812","2014-04-04","39.106","-84.41609","144.8","CINCINNATI MUNICIPAL AIRPORT LUNKEN FIELD, OH US","  57.4","24","  53.3","24","1006.3","14","988.1","24","  8.8","24","  9.7","24"," 22.9"," 31.1","  64.0"," ","  45.0"," "," 1.69","G","999.9","010010"
"72429793812","2014-04-05","39.106","-84.41609","144.8","CINCINNATI MUNICIPAL AIRPORT LUNKEN FIELD, OH US","  44.3","24","  28.1","24","1020.0","24","001.8","24"," 10.0","24","  8.3","23"," 15.0"," 26.0","  64.0"," ","  39.0"," "," 0.10","G","999.9","000000"
"72429793812","2014-04-06","39.106","-84.41609","144.8","CINCINNATI MUNICIPAL AIRPORT LUNKEN FIELD, OH US","  44.0","24","  31.5","24","1020.6","24","002.4","24","  9.9","24","  3.7","24","  9.9","999.9","  60.1"," ","  28.9"," "," 0.00","G","999.9","000000"
"72429793812","2014-04-07","39.106","-84.41609","144.8","CINCINNATI MUNICIPAL AIRPORT LUNKEN FIELD, OH US","  49.6","24","  44.0","23","1007.1","19","988.2","24","  8.0","24","  2.7","24"," 11.1"," 22.9","  57.2","*","  45.0","*"," 0.00","G","999.9","010010"
"72429793812","2014-04-08","39.106","-84.41609","144.8","CINCINNATI MUNICIPAL AIRPORT LUNKEN FIELD, OH US","  50.9","24","  42.1","16","1005.0","19","986.5","24","  9.9","24","  9.3","24"," 19.0"," 27.0","  60.1"," ","  43.0"," "," 0.97","G","999.9","010000"
"72429793812","2014-04-09","39.106","-84.41609","144.8","CINCINNATI MUNICIPAL AIRPORT LUNKEN FIELD, OH US","  51.6","24","  35.6","24","1014.5","24","996.6","24"," 10.0","24","  4.8","24","  8.9"," 14.0","  62.1"," ","  41.0"," "," 0.00","G","999.9","000000"
"72429793812","2014-04-10","39.106","-84.41609","144.8","CINCINNATI MUNICIPAL AIRPORT LUNKEN FIELD, OH US","  54.4","24","  38.5","24","1016.1","24","998.0","24"," 10.0","24","  8.6","24"," 22.9"," 31.1","  73.0"," ","  36.0"," "," 0.00","G","999.9","000000"
"72429793812","2014-04-11","39.106","-84.41609","144.8","CINCINNATI MUNICIPAL AIRPORT LUNKEN FIELD, OH US","  66.4","24","  44.4","24","1015.0","24","997.3","24"," 10.0","24"," 10.5","24"," 15.0"," 21.0","  73.0","*","  62.1","*"," 0.00","G","999.9","010000"
"72429793812","2014-04-12","39.106","-84.41609","144.8","CINCINNATI MUNICIPAL AIRPORT LUNKEN FIELD, OH US","  58.3","24","  46.4","24","1018.6","24","000.6","24"," 10.0","24","  5.4","24"," 17.1"," 22.9","  77.0"," ","  39.9"," "," 0.00","G","999.9","000000"
"72429793812","2014-04-13","39.106","-84.41609","144.8","CINCINNATI MUNICIPAL AIRPORT LUNKEN FIELD, OH US","  69.5","24","  51.8","24","1012.1","24","994.5","24"," 10.0","24"," 12.4","24"," 22.9"," 34.0","  80.1","*","  57.9","*"," 0.00","G","999.9","000000"
"72429793812","2014-04-14","39.106","-84.41609","144.8","CINCINNATI MUNICIPAL AIRPORT LUNKEN FIELD, OH US","  66.3","24","  54.5","24","1006.0","22","988.5","24","  9.1","24"," 13.4","24"," 25.1"," 33.0","  73.0","*","  55.9","*"," 0.04","G","999.9","010000"
"72429793812","2014-04-15","39.106","-84.41609","144.8","CINCINNATI MUNICIPAL AIRPORT LUNKEN FIELD, OH US","  37.7","24","  29.3","19","1017.3","13","996.5","24","  8.3","24","  9.3","24"," 15.0"," 21.0","  54.0","*","  30.9","*"," 0.76","G","999.9","011000"
"72429793812","2014-04-16","39.106","-84.41609","144.8","CINCINNATI MUNICIPAL AIRPORT LUNKEN FIELD, OH US","  36.0","24","  20.7","24","1028.1","24","009.5","24"," 10.0","24","  3.7","23","  9.9","999.9","  51.1"," ","  23.0"," "," 0.16","G","999.9","000000"
"72429793812","2014-04-17","39.106","-84.41609","144.8","CINCINNATI MUNICIPAL AIRPORT LUNKEN FIELD, OH US","  47.4","24","  31.8","24","1026.7","24","008.3","24"," 10.0","24","  4.3","24"," 11.1"," 17.1","  66.9"," ","  23.0"," "," 0.00","G","999.9","000000"
"72429793812","2014-04-18","39.106","-84.41609","144.8","CINCINNATI MUNICIPAL AIRPORT LUNKEN FIELD, OH US","  52.7","24","  39.4","24","1025.3","24","007.2","24"," 10.0","24","  0.7","22","  5.1","999.9","  70.0"," ","  28.9"," "," 0.00","G","999.9","000000"
"72429793812","2014-04-19","39.106","-84.41609","144.8","CINCINNATI MUNICIPAL AIRPORT LUNKEN FIELD, OH US","  54.7","24","  41.1","24","1024.9","24","006.7","24","  9.8","24","  5.0","24"," 14.0"," 18.1","  70.0"," ","  37.9"," "," 0.00","G","999.9","000000"
"72429793812","2014-04-20","39.106","-84.41609","144.8","CINCINNATI MUNICIPAL AIRPORT LUNKEN FIELD, OH US","  55.5","24","  39.4","24","1023.7","24","005.6","24","  9.9","24","  1.5","24","  6.0","999.9","  75.9"," ","  37.0"," "," 0.00","G","999.9","000000"
"72429793812","2014-04-21","39.106","-84.41609","144.8","CINCINNATI MUNICIPAL AIRPORT LUNKEN FIELD, OH US","  59.2","24","  46.5","24","1017.2","24","999.3","24","  9.8","24","  3.0","24"," 13.0"," 15.9","  77.0"," ","  37.0"," "," 0.00","G","999.9","000000"
"72429793812","2014-04-22","39.106","-84.41609","144.8","CINCINNATI MUNICIPAL AIRPORT LUNKEN FIELD, OH US","  63.3","24","  48.7","24","1010.2","21","992.4","24","  9.7","24","  7.6","24"," 15.0"," 26.0","  69.1","*","  57.9","*"," 0.01","G","999.9","010000"
"72429793812","2014-04-23","39.106","-84.41609","144.8","CINCINNATI MUNICIPAL AIRPORT LUNKEN FIELD, OH US","  49.5","24","  31.6","24","1017.5","24","999.5","24"," 10.0","24","  5.3","24"," 14.0"," 22.0","  69.1"," ","  39.0"," "," 0.00","I","999.9","000000"
"72429793812","2014-04-24","39.106","-84.41609","144.8","CINCINNATI MUNICIPAL AIRPORT LUNKEN FIELD, OH US","  53.1","24","  31.8","24","1017.6","24","999.5","24"," 10.0","24","  4.7","24","  8.9"," 17.1","  66.0"," ","  39.0"," "," 0.00","G","999.9","000000"
"72429793812","2014-04-25","39.106","-84.41609","144.8","CINCINNATI MUNICIPAL AIRPORT LUNKEN FIELD, OH US","  55.7","24","  46.8","24","1007.8","21","989.8","24","  9.4","24","  5.5","23"," 13.0"," 22.0","  66.0"," ","  44.1"," "," 0.23","G","999.9","010000"
"72429793812","2014-04-26","39.106","-84.41609","144.8","CINCINNATI MUNICIPAL AIRPORT LUNKEN FIELD, OH US","  58.6","24","  44.1","24","1012.9","21","995.1","24","  8.2","24","  5.8","24"," 19.0"," 25.1","  79.0"," ","  37.0"," "," 0.04","G","999.9","100000"
"72429793812","2014-04-27","39.106","-84.41609","144.8","CINCINNATI MUNICIPAL AIRPORT LUNKEN FIELD, OH US","  60.9","24","  43.2","24","1014.4","24","996.6","24"," 10.0","24","  6.8","24"," 12.0"," 14.0","  79.0"," ","  37.0"," "," 0.00","G","999.9","000000"
"72429793812","2014-04-28","39.106","-84.41609","144.8","CINCINNATI MUNICIPAL AIRPORT LUNKEN FIELD, OH US","  60.7","24","  52.9","24","1008.8","18","990.6","24","  9.3","24","  6.0","24"," 13.0","999.9","  75.9"," ","  46.9"," "," 0.06","G","999.9","010010"
"72429793812","2014-04-29","39.106","-84.41609","144.8","CINCINNATI MUNICIPAL AIRPORT LUNKEN FIELD, OH US","  65.4","24","  59.3","24","1004.6","18","986.6","24","  8.6","24"," 10.1","24"," 31.1"," 44.1","  75.9"," ","  51.1"," "," 1.14","G","999.9","010010"
"72429793812","2014-04-30","39.106","-84.41609","144.8","CINCINNATI MUNICIPAL AIRPORT LUNKEN FIELD, OH US","  59.2","24","  54.1","24","1009.2","20","991.6","24","  9.6","24","  5.8","24"," 14.0"," 22.0","  75.9"," ","  53.1"," "," 0.37","G","999.9","010000"
"72429793812","2014-05-01","39.106","-84.41609","144.8","CINCINNATI MUNICIPAL AIRPORT LUNKEN FIELD, OH US","  54.2","24","  42.1","24","1012.3","23","994.4","24"," 10.0","24"," 11.7","24"," 19.0"," 25.1","  70.0"," ","  45.0"," "," 0.02","G","999.9","010000"
"72429793812","2014-05-02","39.106","-84.41609","144.8","CINCINNATI MUNICIPAL AIRPORT LUNKEN FIELD, OH US","  52.3","24","  40.6","24","1012.8","24","994.9","24"," 10.0","24","  8.6","24"," 12.0"," 19.0","  61.0"," ","  42.1"," "," 0.00","G","999.9","000000"
"72429793812","2014-05-03","39.106","-84.41609","144.8","CINCINNATI MUNICIPAL AIRPORT LUNKEN FIELD, OH US","  55.9","24","  40.1","24","1011.6","24","993.7","24"," 10.0","24","  8.7","24"," 19.0"," 28.9","  68.0"," ","  42.1"," "," 0.00","G","999.9","000000"
"72429793812","2014-05-04","39.106","-84.41609","144.8","CINCINNATI MUNICIPAL AIRPORT LUNKEN FIELD, OH US","  61.7","24","  42.4","24","1014.3","24","996.4","24"," 10.0","24","  5.2","24"," 12.0"," 20.0","  73.9"," ","  43.0"," "," 0.00","G","999.9","000000"
"72429793812","2014-05-05","39.106","-84.41609","144.8","CINCINNATI MUNICIPAL AIRPORT LUNKEN FIELD, OH US","  56.5","24","  40.8","24","1014.5","24","996.6","24"," 10.0","24","  5.4","24"," 14.0"," 15.0","  73.9"," ","  42.1"," "," 0.00","G","999.9","000000"
"72429793812","2014-05-06","39.106","-84.41609","144.8","CINCINNATI MUNICIPAL AIRPORT LUNKEN FIELD, OH US","  59.6","24","  44.3","24","1013.3","24","995.5","24"," 10.0","24","  6.1","23"," 11.1","999.9","  75.9"," ","  42.1"," "," 0.00","G","999.9","000000"
"72429793812","2014-05-07","39.106","-84.41609","144.8","CINCINNATI MUNICIPAL AIRPORT LUNKEN FIELD, OH US","  66.3","24","  53.7","24","1014.0","24","996.2","24"," 10.0","24","  5.8","24"," 14.0"," 20.0","  82.9"," ","  46.0"," "," 0.00","G","999.9","000000"
"72429793812","2014-05-08","39.106","-84.41609","144.8","CINCINNATI MUNICIPAL AIRPORT LUNKEN FIELD, OH US","  68.9","24","  56.9","24","1016.3","24","998.6","24","  9.9","24","  6.8","24"," 17.1"," 25.1","  82.9"," ","  46.9"," "," 0.00","G","999.9","000000"
"72429793812","2014-05-09","39.106","-84.41609","144.8","CINCINNATI MUNICIPAL AIRPORT LUNKEN FIELD, OH US","  66.1","24","  58.7","24","1014.0","24","996.3","24"," 10.0","24","  5.1","24"," 21.0"," 28.9","  82.9"," ","  52.0"," "," 0.00","G","999.9","010000"
"72429793812","2014-05-10","39.106","-84.41609","144.8","CINCINNATI MUNICIPAL AIRPORT LUNKEN FIELD, OH US","  65.0","24","  60.6","24","1013.9","19","996.2","24","  9.7","24","  8.0","24"," 14.0"," 20.0","  75.0"," ","  57.9"," "," 0.03","G","999.9","010010"
"72429793812","2014-05-11","39.106","-84.41609","144.8","CINCINNATI MUNICIPAL AIRPORT LUNKEN FIELD, OH US","  64.6","24","  59.7","24","1017.4","20","999.6","24","  5.5","24","  4.2","24"," 12.0"," 18.1","  81.0"," ","  52.0"," "," 0.14","G","999.9","100000"
"72429793812","2014-05-12","39.106","-84.41609","144.8","CINCINNATI MUNICIPAL AIRPORT LUNKEN FIELD, OH US","  72.8","24","  65.6","24","1017.1","20","999.6","24","  9.3","24","  6.9","24"," 17.1"," 22.0","  84.9"," ","  52.0"," "," 0.50","G","999.9","010010"
"72429793812","2014-05-13","39.106","-84.41609","144.8","CINCINNATI MUNICIPAL AIRPORT LUNKEN FIELD, OH US","  73.7","24","  64.5","24","1016.6","24","999.0","19","  9.5","24","  6.5","24"," 15.0"," 25.1","  84.9"," ","  61.0"," "," 0.49","G","999.9","000000"
"72429793812","2014-05-14","39.106","-84.41609","144.8","CINCINNATI MUNICIPAL AIRPORT LUNKEN FIELD, OH US","  67.0","24","  63.6","24","1016.3","14","998.7","19","  7.4","24","  2.6","24","  8.0","999.9","  84.9"," ","  59.0"," "," 0.04","G","999.9","110010"
"72429793812","2014-05-15","39.106","-84.41609","144.8","CINCINNATI MUNICIPAL AIRPORT LUNKEN FIELD, OH US","  58.8","24","  55.4","23","1012.7","18","994.5","24","  8.6","24","  7.8","24"," 15.9"," 25.1","  75.9"," ","  51.1"," "," 0.74","G","999.9","010010"
"72429793812","2014-05-16","39.106","-84.41609","144.8","CINCINNATI MUNICIPAL AIRPORT LUNKEN FIELD, OH US","  46.7","24","  41.4","24","1017.1","18","999.0","24","  6.7","24","  4.4","24"," 17.1"," 24.1","  64.9"," ","  37.9"," "," 0.01","G","999.9","110000"
"72429793812","2014-05-17","39.106","-84.41609","144.8","CINCINNATI MUNICIPAL AIRPORT LUNKEN FIELD, OH US","  48.4","24","  40.5","24","1020.5","22","002.4","24","  9.7","24","  5.5","24"," 12.0"," 18.1","  57.9"," ","  37.9"," "," 0.25","G","999.9","010000"
"72429793812","2014-05-18","39.106","-84.41609","144.8","CINCINNATI MUNICIPAL AIRPORT LUNKEN FIELD, OH US","  49.9","24","  38.7","24","1025.4","21","007.2","24","  6.9","24","  1.7","24","  5.1","999.9","  64.9"," ","  37.0"," "," 0.09","G","999.9","100000"
"72429793812","2014-05-19","39.106","-84.41609","144.8","CINCINNATI MUNICIPAL AIRPORT LUNKEN FIELD, OH US","  54.0","24","  42.1","24","1024.9","23","006.8","24","  9.3","24","  2.5","24","  8.0","999.9","  70.0"," ","  37.0"," "," 0.00","G","999.9","000000"
"72429793812","2014-05-20","39.106","-84.41609","144.8","CINCINNATI MUNICIPAL AIRPORT LUNKEN FIELD, OH US","  63.3","24","  54.4","24","1018.4","24","000.5","24"," 10.0","24","  4.7","24"," 11.1"," 21.0","  78.1"," ","  39.0"," "," 0.00","G","999.9","000000"
"72429793812","2014-05-21","39.106","-84.41609","144.8","CINCINNATI MUNICIPAL AIRPORT LUNKEN FIELD, OH US","  69.0","24","  62.9","24","1014.2","20","996.4","24","  8.8","24","  4.9","24"," 17.1"," 21.0","  82.0"," ","  48.9"," "," 0.00","G","999.9","010010"
"72429793812","2014-05-22","39.106","-84.41609","144.8","CINCINNATI MUNICIPAL AIRPORT LUNKEN FIELD, OH US","  71.2","24","  61.0","24","1015.1","18","997.4","24","  9.8","24","  8.0","24"," 12.0"," 15.9","  82.0"," ","  55.9"," "," 0.13","G","999.9","010010"
"72429793812","2014-05-23","39.106","-84.41609","144.8","CINCINNATI MUNICIPAL AIRPORT LUNKEN FIELD, OH US","  67.3","24","  47.9","24","1019.3","24","001.5","24"," 10.0","24","  6.2","24"," 11.1"," 15.9","  81.0"," ","  53.1"," "," 0.00","G","999.9","000000"
"72429793812","2014-05-24","39.106","-84.41609","144.8","CINCINNATI MUNICIPAL AIRPORT LUNKEN FIELD, OH US","  62.4","24","  50.2","24","1021.5","23","003.6","24","  9.6","24","  1.8","23","  8.0","999.9","  77.0"," ","  46.0"," "," 0.00","G","999.9","000000"
"72429793812","2014-05-25","39.106","-84.41609","144.8","CINCINNATI MUNICIPAL AIRPORT LUNKEN FIELD, OH US","  65.9","24","  54.0","24","1020.9","23","003.1","24","  9.1","24","  2.0","23","  8.0","999.9","  81.0"," ","  46.0"," "," 0.00","G","999.9","000000"
"72429793812","2014-05-26","39.106","-84.41609","144.8","CINCINNATI MUNICIPAL AIRPORT LUNKEN FIELD, OH US","  68.5","24","  58.8","24","1018.9","21","001.3","24","  8.8","24","  2.4","24","  8.9","999.9","  86.0"," ","  52.0"," "," 0.00","G","999.9","100000"
"72429793812","2014-05-27","39.106","-84.41609","144.8","CINCINNATI MUNICIPAL AIRPORT LUNKEN FIELD, OH US","  75.9","24","  65.6","24","1015.8","23","998.2","24","  9.3","24","  5.3","24"," 15.0"," 20.0","  87.1"," ","  53.1"," "," 0.00","G","999.9","010010"
"72429793812","2014-05-28","39.106","-84.41609","144.8","CINCINNATI MUNICIPAL AIRPORT LUNKEN FIELD, OH US","  74.2","24","  63.9","24","1014.8","24","997.3","24","  9.6","24","  4.1","24","  8.9","999.9","  87.1"," ","  63.0"," "," 0.01","G","999.9","000000"
"72429793812","2014-05-29","39.106","-84.41609","144.8","CINCINNATI MUNICIPAL AIRPORT LUNKEN FIELD, OH US","  71.5","24","  67.3","24","1016.5","21","998.9","24","  7.5","24","  2.9","24"," 14.0"," 26.0","  84.9"," ","  63.0"," "," 0.04","G","999.9","110010"
"72429793812","2014-05-30","39.106","-84.41609","144.8","CINCINNATI MUNICIPAL AIRPORT LUNKEN FIELD, OH US","  71.5","24","  59.2","24","1018.9","21","001.0","24","  8.2","24","  4.1","24","  8.0","999.9","  84.0"," ","  57.0"," "," 0.92","G","999.9","100000"
"72429793812","2014-05-31","39.106","-84.41609","144.8","CINCINNATI MUNICIPAL AIRPORT LUNKEN FIELD, OH US","  69.5","24","  54.4","24","1020.9","24","003.1","24","  9.4","24","  3.9","24"," 13.0"," 17.1","  84.0"," ","  53.1"," "," 0.00","G","999.9","000000"
"72429793812","2014-06-01","39.106","-84.41609","144.8","CINCINNATI MUNICIPAL AIRPORT LUNKEN FIELD, OH US","  70.0","24","  59.7","24","1019.7","21","001.9","24","  9.1","24","  2.7","24"," 18.1"," 22.0","  87.1"," ","  53.1"," "," 0.00","G","999.9","110010"
"72429793812","2014-06-02","39.106","-84.41609","144.8","CINCINNATI MUNICIPAL AIRPORT LUNKEN FIELD, OH US","  73.5","24","  67.2","24","1018.4","22","000.8","24","  9.0","24","  6.8","24"," 15.0"," 20.0","  80.1","*","  69.1","*"," 0.21","G","999.9","110000"
"72429793812","2014-06-03","39.106","-84.41609","144.8","CINCINNATI MUNICIPAL AIRPORT LUNKEN FIELD, OH US","  75.1","23","  67.9","23","1015.4","23","997.8","23","  9.4","23","  7.5","23"," 11.1"," 18.1","  84.9","*","  70.0","*"," 0.08","G","999.9","010000"
"72429793812","2014-06-04","39.106","-84.41609","144.8","CINCINNATI MUNICIPAL AIRPORT LUNKEN FIELD, OH US","  68.9","24","  66.1","24","1010.2","12","993.1","24","  5.3","24","  3.7","23"," 18.1"," 25.1","  81.0","*","  60.8","*"," 0.00","G","999.9","110010"
"72429793812","2014-06-05","39.106","-84.41609","144.8","CINCINNATI MUNICIPAL AIRPORT LUNKEN FIELD, OH US","  68.1","24","  56.3","24","1011.6","21","993.8","24"," 10.0","24","  5.7","23"," 14.0"," 19.0","  82.0"," ","  55.9"," "," 1.83","G","999.9","000000"
"72429793812","2014-06-06","39.106","-84.41609","144.8","CINCINNATI MUNICIPAL AIRPORT LUNKEN FIELD, OH US","  65.9","24","  51.8","24","1015.2","23","997.5","24","  9.6","24","  2.6","23","  8.9","999.9","  79.0"," ","  51.1"," "," 0.00","G","999.9","000000"
"72429793812","2014-06-07","39.106","-84.41609","144.8","CINCINNATI MUNICIPAL AIRPORT LUNKEN FIELD, OH US","  66.5","24","  53.5","24","1015.6","23","997.9","24","  9.5","24","  2.5","24","  8.0","999.9","  81.0"," ","  51.1"," "," 0.00","G","999.9","000000"
"72429793812","2014-06-08","39.106","-84.41609","144.8","CINCINNATI MUNICIPAL AIRPORT LUNKEN FIELD, OH US","  67.9","24","  61.2","24","1009.5","22","992.0","24","  9.8","24","  5.8","24"," 14.0"," 21.0","  81.0"," ","  51.1"," "," 0.04","G","999.9","010000"
"72429793812","2014-06-09","39.106","-84.41609","144.8","CINCINNATI MUNICIPAL AIRPORT LUNKEN FIELD, OH US","  64.3","24","  58.4","24","1014.3","17","996.7","24","  6.2","24","  2.5","24","  7.0","999.9","  75.0"," ","  54.0"," "," 0.00","H","999.9","110000"
"72429793812","2014-06-10","39.106","-84.41609","144.8","CINCINNATI MUNICIPAL AIRPORT LUNKEN FIELD, OH US","  66.4","24","  63.2","24","1012.0","18","994.4","24","  6.2","24","  2.5","24","  6.0","999.9","  80.1"," ","  54.0"," "," 0.06","G","999.9","010010"
"72429793812","2014-06-11","39.106","-84.41609","144.8","CINCINNATI MUNICIPAL AIRPORT LUNKEN FIELD, OH US","  68.8","24","  65.2","24","1008.7","16","991.4","24","  9.5","24","  5.0","24","  9.9","999.9","  80.1"," ","  57.9"," "," 0.52","G","999.9","110000"
"72429793812","2014-06-12","39.106","-84.41609","144.8","CINCINNATI MUNICIPAL AIRPORT LUNKEN FIELD, OH US","  68.5","24","  62.9","24","1010.2","16","992.3","24","  7.3","24","  4.4","24","  9.9","999.9","  78.1"," ","  60.1"," "," 0.14","G","999.9","100000"
"72429793812","2014-06-13","39.106","-84.41609","144.8","CINCINNATI MUNICIPAL AIRPORT LUNKEN FIELD, OH US","  69.7","24","  58.9","24","1011.9","24","994.4","24","  9.7","24","  4.1","24","  8.9"," 15.9","  78.1"," ","  60.1"," "," 0.00","G","999.9","000000"
"72429793812","2014-06-14","39.106","-84.41609","144.8","CINCINNATI MUNICIPAL AIRPORT LUNKEN FIELD, OH US","  63.5","24","  46.6","24","1018.9","23","001.1","24","  9.7","24","  3.6","24","  7.0","999.9","  77.0"," ","  45.0"," "," 0.01","G","999.9","000000"
"72429793812","2014-06-15","39.106","-84.41609","144.8","CINCINNATI MUNICIPAL AIRPORT LUNKEN FIELD, OH US","  66.8","24","  56.7","24","1018.2","19","000.5","24","  8.1","24","  3.5","24"," 11.1"," 18.1","  86.0"," ","  45.0"," "," 0.00","G","999.9","100000"
"72429793812","2014-06-16","39.106","-84.41609","144.8","CINCINNATI MUNICIPAL AIRPORT LUNKEN FIELD, OH US","  76.4","23","  67.2","23","1018.7","22","001.1","23","  9.7","23","  3.7","23","  9.9","999.9","  88.0","*","  66.0","*"," 0.00","G","999.9","000000"
"72429793812","2014-06-17","39.106","-84.41609","144.8","CINCINNATI MUNICIPAL AIRPORT LUNKEN FIELD, OH US","  77.6","24","  68.6","24","1017.3","19","999.9","23","  7.5","24","  5.4","24"," 15.0"," 21.0","  90.0"," ","  64.0"," "," 0.00","G","999.9","100000"
"72429793812","2014-06-18","39.106","-84.41609","144.8","CINCINNATI MUNICIPAL AIRPORT LUNKEN FIELD, OH US","  80.0","24","  69.9","24","1017.1","24","999.5","24","  9.9","24","  5.6","24"," 11.1","999.9","  90.0"," ","  64.0"," "," 0.00","G","999.9","000000"
"72429793812","2014-06-19","39.106","-84.41609","144.8","CINCINNATI MUNICIPAL AIRPORT LUNKEN FIELD, OH US","  76.8","24","  68.5","24","1017.4","22","999.8","24","  9.7","24","  4.3","23"," 12.0"," 27.0","  90.0"," ","  66.9"," "," 0.00","G","999.9","010010"
"72429793812","2014-06-20","39.106","-84.41609","144.8","CINCINNATI MUNICIPAL AIRPORT LUNKEN FIELD, OH US","  73.8","24","  70.3","24","1016.0","19","998.5","24","  7.7","24","  3.0","24","  8.9","999.9","  86.0","*","  66.2","*"," 0.33","G","999.9","010010"
"72429793812","2014-06-21","39.106","-84.41609","144.8","CINCINNATI MUNICIPAL AIRPORT LUNKEN FIELD, OH US","  75.0","24","  67.2","24","1013.3","20","995.9","24","  6.5","24","  4.1","24","  9.9"," 15.0","  87.1"," ","  64.9"," "," 0.25","G","999.9","100000"
"72429793812","2014-06-22","39.106","-84.41609","144.8","CINCINNATI MUNICIPAL AIRPORT LUNKEN FIELD, OH US","  74.0","24","  65.7","24","1012.8","23","995.3","24","  9.4","24","  2.5","24","  7.0","999.9","  87.1"," ","  62.1"," "," 0.00","G","999.9","000000"
"72429793812","2014-06-23","39.106","-84.41609","144.8","CINCINNATI MUNICIPAL AIRPORT LUNKEN FIELD, OH US","  76.7","24","  68.0","24","1012.6","19","995.1","24","  8.4","24","  5.4","24"," 15.9"," 31.1","  90.0"," ","  62.1"," "," 0.00","G","999.9","110010"
"72429793812","2014-06-24","39.106","-84.41609","144.8","CINCINNATI MUNICIPAL AIRPORT LUNKEN FIELD, OH US","  75.9","24","  68.6","24","1013.3","24","995.8","24"," 10.0","24","  4.8","24"," 18.1"," 32.1","  90.0"," ","  64.9"," "," 0.00","G","999.9","010000"
"72429793812","2014-06-25","39.106","-84.41609","144.8","CINCINNATI MUNICIPAL AIRPORT LUNKEN FIELD, OH US","  74.9","24","  68.7","24","1013.1","18","995.5","24","  9.4","24","  4.4","24","  8.9","999.9","  86.0"," ","  69.1"," "," 0.42","G","999.9","010010"
"72429793812","2014-06-26","39.106","-84.41609","144.8","CINCINNATI MUNICIPAL AIRPORT LUNKEN FIELD, OH US","  73.6","24","  66.6","24","1016.0","18","998.5","24","  6.4","24","  1.9","24","  8.9","999.9","  86.0"," ","  63.0"," "," 0.04","G","999.9","100000"
"72429793812","2014-06-27","39.106","-84.41609","144.8","CINCINNATI MUNICIPAL AIRPORT LUNKEN FIELD, OH US","  74.9","24","  65.7","24","1017.2","22","999.6","24","  9.0","24","  2.0","24","  8.0","999.9","  88.0"," ","  61.0"," "," 0.00","G","999.9","000000"
"72429793812","2014-06-28","39.106","-84.41609","144.8","CINCINNATI MUNICIPAL AIRPORT LUNKEN FIELD, OH US","  74.5","24","  70.3","24","1018.9","21","001.3","24","  7.0","24","  2.6","24","  8.0","999.9","  88.0"," ","  61.0"," "," 0.10","G","999.9","010000"
"72429793812","2014-06-29","39.106","-84.41609","144.8","CINCINNATI MUNICIPAL AIRPORT LUNKEN FIELD, OH US","  75.9","24","  70.1","24","1018.6","22","001.1","24"," 10.0","24","  5.2","24","  9.9","999.9","  84.0"," ","  66.9"," "," 0.02","G","999.9","000000"
"72429793812","2014-06-30","39.106","-84.41609","144.8","CINCINNATI MUNICIPAL AIRPORT LUNKEN FIELD, OH US","  76.2","24","  70.8","24","1015.0","23","997.6","24","  9.7","24","  5.4","24"," 13.0"," 20.0","  86.0"," ","  66.9"," "," 0.03","G","999.9","010000"
"72429793812","2014-07-01","39.106","-84.41609","144.8","CINCINNATI MUNICIPAL AIRPORT LUNKEN FIELD, OH US","  80.8","24","  73.2","24","1009.8","21","992.4","24","  8.6","24","  7.2","24"," 15.0"," 20.0","  89.1"," ","  66.9"," "," 0.19","G","999.9","010010"
"72429793812","2014-07-02","39.106","-84.41609","144.8","CINCINNATI MUNICIPAL AIRPORT LUNKEN FIELD, OH US","  73.8","24","  67.6","24","1012.9","20","995.1","24","  9.0","24","  5.2","24"," 22.0"," 34.0","  89.1"," ","  66.0"," "," 0.61","G","999.9","010010"
"72429793812","2014-07-03","39.106","-84.41609","144.8","CINCINNATI MUNICIPAL AIRPORT LUNKEN FIELD, OH US","  69.0","24","  60.2","24","1017.1","22","999.5","24","  9.8","24","  6.4","24"," 11.1"," 17.1","  84.0"," ","  62.1"," "," 0.25","G","999.9","000000"
"72429793812","2014-07-04","39.106","-84.41609","144.8","CINCINNATI MUNICIPAL AIRPORT LUNKEN FIELD, OH US","  64.8","24","  50.9","24","1023.5","24","005.6","24"," 10.0","24","  3.7","24"," 11.1"," 15.0","  79.0"," ","  50.0"," "," 0.00","G","999.9","000000"
"72429793812","2014-07-05","39.106","-84.41609","144.8","CINCINNATI MUNICIPAL AIRPORT LUNKEN FIELD, OH US","  66.5","24","  53.4","24","1024.8","19","007.1","24","  7.7","24","  2.1","24","  8.0","999.9","  81.0"," ","  50.0"," "," 0.00","G","999.9","100000"
"72429793812","2014-07-06","39.106","-84.41609","144.8","CINCINNATI MUNICIPAL AIRPORT LUNKEN FIELD, OH US","  69.3","24","  58.3","24","1018.1","24","000.3","24","  9.5","24","  4.1","24"," 12.0","999.9","  82.9"," ","  50.0"," "," 0.00","G","999.9","000000"
"72429793812","2014-07-07","39.106","-84.41609","144.8","CINCINNATI MUNICIPAL AIRPORT LUNKEN FIELD, OH US","  76.2","24","  64.0","24","1011.7","24","994.2","24"," 10.0","24"," 10.7","24"," 18.1"," 25.1","  87.1"," ","  57.0"," "," 0.00","G","999.9","000000"
"72429793812","2014-07-08","39.106","-84.41609","144.8","CINCINNATI MUNICIPAL AIRPORT LUNKEN FIELD, OH US","  75.2","24","  67.4","24","1009.3","19","991.8","24","  9.6","24","  9.7","24"," 18.1"," 28.0","  87.1"," ","  66.9"," "," 0.05","G","999.9","010010"
"72429793812","2014-07-09","39.106","-84.41609","144.8","CINCINNATI MUNICIPAL AIRPORT LUNKEN FIELD, OH US","  73.9","24","  63.6","24","1013.0","21","995.2","24","  8.1","24","  5.4","24"," 15.9"," 21.0","  82.9"," ","  61.0"," "," 0.42","G","999.9","110000"
"72429793812","2014-07-10","39.106","-84.41609","144.8","CINCINNATI MUNICIPAL AIRPORT LUNKEN FIELD, OH US","  72.0","24","  60.4","24","1018.0","23","000.2","24","  9.4","24","  2.9","24","  7.0","999.9","  84.0"," ","  60.1"," "," 0.38","G","999.9","000000"
"72429793812","2014-07-11","39.106","-84.41609","144.8","CINCINNATI MUNICIPAL AIRPORT LUNKEN FIELD, OH US","  71.5","24","  58.7","24","1021.5","24","003.8","24","  9.6","24","  1.0","24","  4.1","999.9","  87.1"," ","  55.9"," "," 0.00","G","999.9","100000"
"72429793812","2014-07-12","39.106","-84.41609","144.8","CINCINNATI MUNICIPAL AIRPORT LUNKEN FIELD, OH US","  73.3","24","  63.6","24","1020.7","22","003.0","24","  8.1","24","  3.4","24","  9.9"," 15.9","  87.1"," ","  55.9"," "," 0.00","G","999.9","000000"
"72429793812","2014-07-13","39.106","-84.41609","144.8","CINCINNATI MUNICIPAL AIRPORT LUNKEN FIELD, OH US","  78.4","24","  70.5","24","1015.3","21","997.4","24","  9.0","24","  5.6","24"," 20.0"," 28.9","  91.0"," ","  60.1"," "," 0.00","G","999.9","010010"
"72429793812","2014-07-14","39.106","-84.41609","144.8","CINCINNATI MUNICIPAL AIRPORT LUNKEN FIELD, OH US","  74.8","24","  70.4","24","1012.3","19","994.8","24","  8.1","24","  5.4","24"," 17.1"," 22.9","  91.0"," ","  70.0"," "," 0.58","G","999.9","010000"
"72429793812","2014-07-15","39.106","-84.41609","144.8","CINCINNATI MUNICIPAL AIRPORT LUNKEN FIELD, OH US","  69.8","24","  57.0","24","1011.5","24","993.9","24"," 10.0","24","  6.9","24"," 14.0"," 19.0","  82.9"," ","  66.0"," "," 0.11","G","999.9","000000"
"72429793812","2014-07-16","39.106","-84.41609","144.8","CINCINNATI MUNICIPAL AIRPORT LUNKEN FIELD, OH US","  64.1","24","  52.2","24","1015.1","23","997.4","24","  9.6","24","  3.6","23","  8.9","999.9","  75.9"," ","  51.1"," "," 0.02","G","999.9","000000"
"72429793812","2014-07-17","39.106","-84.41609","144.8","CINCINNATI MUNICIPAL AIRPORT LUNKEN FIELD, OH US","  64.8","24","  52.4","24","1018.5","23","000.8","24","  9.7","24","  2.1","24","  7.0","999.9","  77.0"," ","  51.1"," "," 0.00","G","999.9","000000"
"72429793812","2014-07-18","39.106","-84.41609","144.8","CINCINNATI MUNICIPAL AIRPORT LUNKEN FIELD, OH US","  64.2","24","  56.6","24","1021.1","23","003.3","24","  9.3","24","  2.5","24","  8.9","999.9","  77.0"," ","  51.1"," "," 0.00","G","999.9","010000"
"72429793812","2014-07-19","39.106","-84.41609","144.8","CINCINNATI MUNICIPAL AIRPORT LUNKEN FIELD, OH US","  67.1","24","  63.2","24","1018.2","13","000.9","24","  8.9","24","  2.1","24","  7.0","999.9","  75.0"," ","  54.0"," "," 0.23","G","999.9","010000"
"72429793812","2014-07-20","39.106","-84.41609","144.8","CINCINNATI MUNICIPAL AIRPORT LUNKEN FIELD, OH US","  71.7","24","  66.7","24","1017.1","21","999.4","24","  7.3","24","  2.7","24","  6.0","999.9","  82.0"," ","  63.0"," "," 0.01","G","999.9","110000"
"72429793812","2014-07-21","39.106","-84.41609","144.8","CINCINNATI MUNICIPAL AIRPORT LUNKEN FIELD, OH US","  74.0","24","  66.2","24","1018.2","15","000.7","24","  6.3","24","  2.6","24","  6.0","999.9","  87.1"," ","  62.1"," "," 0.00","I","999.9","100000"
"72429793812","2014-07-22","39.106","-84.41609","144.8","CINCINNATI MUNICIPAL AIRPORT LUNKEN FIELD, OH US","  77.7","24","  68.1","24","1018.1","19","000.6","24","  7.1","24","  2.0","24","  8.9","999.9","  91.0"," ","  62.1"," "," 0.00","G","999.9","100000"
"72429793812","2014-07-23","39.106","-84.41609","144.8","CINCINNATI MUNICIPAL AIRPORT LUNKEN FIELD, OH US","  74.1","24","  68.6","24","1016.1","22","998.7","24","  9.0","24","  3.6","24"," 13.0"," 22.0","  91.0"," ","  64.0"," "," 0.00","G","999.9","010010"
"72429793812","2014-07-24","39.106","-84.41609","144.8","CINCINNATI MUNICIPAL AIRPORT LUNKEN FIELD, OH US","  69.7","24","  58.9","24","1016.5","19","998.9","24","  9.6","24","  8.6","24"," 14.0"," 18.1","  82.0"," ","  62.1"," "," 0.40","G","999.9","010000"
"72429793812","2014-07-25","39.106","-84.41609","144.8","CINCINNATI MUNICIPAL AIRPORT LUNKEN FIELD, OH US","  65.9","24","  56.3","24","1017.9","23","000.1","24","  9.5","24","  1.8","24","  6.0","999.9","  81.0"," ","  51.1"," "," 0.00","G","999.9","000000"
"72429793812","2014-07-26","39.106","-84.41609","144.8","CINCINNATI MUNICIPAL AIRPORT LUNKEN FIELD, OH US","  72.4","24","  65.3","24","1014.1","23","996.5","24"," 10.0","24","  3.9","24","  9.9"," 15.0","  86.0"," ","  51.1"," "," 0.00","G","999.9","010010"
"72429793812","2014-07-27","39.106","-84.41609","144.8","CINCINNATI MUNICIPAL AIRPORT LUNKEN FIELD, OH US","  74.1","24","  70.9","24","1009.3","12","992.0","24","  8.4","24","  5.0","24"," 13.0"," 28.9","  86.0"," ","  63.0"," "," 0.38","G","999.9","110010"
"72429793812","2014-07-28","39.106","-84.41609","144.8","CINCINNATI MUNICIPAL AIRPORT LUNKEN FIELD, OH US","  69.9","24","  59.9","24","1011.7","24","994.2","24"," 10.0","24","  6.9","24"," 11.1"," 19.0","  82.9"," ","  63.0"," "," 0.15","G","999.9","000000"
"72429793812","2014-07-29","39.106","-84.41609","144.8","CINCINNATI MUNICIPAL AIRPORT LUNKEN FIELD, OH US","  63.4","24","  51.7","24","1017.0","22","999.3","24"," 10.0","24","  4.1","24","  9.9"," 17.1","  75.9"," ","  52.0"," "," 0.00","G","999.9","000000"
"72429793812","2014-07-30","39.106","-84.41609","144.8","CINCINNATI MUNICIPAL AIRPORT LUNKEN FIELD, OH US","  67.2","24","  58.0","24","1017.5","22","999.7","24","  9.3","24","  4.4","24"," 13.0"," 19.0","  80.1"," ","  52.0"," "," 0.00","G","999.9","100000"
"72429793812","2014-07-31","39.106","-84.41609","144.8","CINCINNATI MUNICIPAL AIRPORT LUNKEN FIELD, OH US","  71.7","24","  60.4","24","1018.1","23","000.4","24","  9.2","24","  3.3","24","  8.0","999.9","  82.9"," ","  55.9"," "," 0.01","G","999.9","100000"
"72429793812","2014-08-01","39.106","-84.41609","144.8","CINCINNATI MUNICIPAL AIRPORT LUNKEN FIELD, OH US","  71.0","24","  61.0","24","1018.5","18","000.9","24","  7.3","24","  1.3","24","  6.0","999.9","  84.9","*","  57.2","*"," 0.00","G","999.9","100000"
"72429793812","2014-08-02","39.106","-84.41609","144.8","CINCINNATI MUNICIPAL AIRPORT LUNKEN FIELD, OH US","  71.6","24","  62.7","24","1018.4","22","000.7","24","  8.6","24","  3.5","24"," 15.0"," 21.0","  84.9"," ","  57.9"," "," 0.00","G","999.9","010010"
"72429793812","2014-08-03","39.106","-84.41609","144.8","CINCINNATI MUNICIPAL AIRPORT LUNKEN FIELD, OH US","  70.2","24","  62.0","24","1019.8","19","002.1","24","  6.0","24","  2.4","24","  8.0","999.9","  86.0"," ","  57.9"," "," 0.00","G","999.9","100000"
"72429793812","2014-08-04","39.106","-84.41609","144.8","CINCINNATI MUNICIPAL AIRPORT LUNKEN FIELD, OH US","  72.4","24","  60.1","24","1019.3","19","001.7","24","  6.3","24","  1.0","24","  5.1","999.9","  88.0"," ","  57.9"," "," 0.00","G","999.9","100000"
"72429793812","2014-08-05","39.106","-84.41609","144.8","CINCINNATI MUNICIPAL AIRPORT LUNKEN FIELD, OH US","  71.1","24","  61.6","24","1017.7","22","000.0","24","  8.1","24","  2.4","24"," 11.1","999.9","  88.0"," ","  59.0"," "," 0.00","G","999.9","000000"
"72429793812","2014-08-06","39.106","-84.41609","144.8","CINCINNATI MUNICIPAL AIRPORT LUNKEN FIELD, OH US","  73.8","24","  64.8","24","1015.7","23","998.1","24","  6.9","24","  2.9","24","  9.9","999.9","  86.0"," ","  59.0"," "," 0.00","G","999.9","100000"
"72429793812","2014-08-07","39.106","-84.41609","144.8","CINCINNATI MUNICIPAL AIRPORT LUNKEN FIELD, OH US","  71.0","24","  59.9","24","1017.8","24","000.1","24","  9.6","24","  3.9","24","  8.9"," 15.0","  84.0"," ","  59.0"," "," 0.00","G","999.9","000000"
"72429793812","2014-08-08","39.106","-84.41609","144.8","CINCINNATI MUNICIPAL AIRPORT LUNKEN FIELD, OH US","  70.0","24","  60.8","24","1017.5","24","999.8","24"," 10.0","24","  4.1","24","  7.0","999.9","  81.0"," ","  59.0"," "," 0.00","G","999.9","010000"
"72429793812","2014-08-09","39.106","-84.41609","144.8","CINCINNATI MUNICIPAL AIRPORT LUNKEN FIELD, OH US","  71.3","24","  65.4","24","1016.4","22","998.8","24","  8.4","24","  4.3","24","  8.9","999.9","  81.0"," ","  62.1"," "," 0.00","G","999.9","010000"
"72429793812","2014-08-10","39.106","-84.41609","144.8","CINCINNATI MUNICIPAL AIRPORT LUNKEN FIELD, OH US","  75.3","24","  69.2","24","1015.1","20","997.6","24","  9.3","24","  3.7","24","  8.0","999.9","  84.9"," ","  62.1"," "," 0.00","G","999.9","000000"
"72429793812","2014-08-11","39.106","-84.41609","144.8","CINCINNATI MUNICIPAL AIRPORT LUNKEN FIELD, OH US","  76.6","22","  71.0","22","1011.8","15","994.4","22","  8.4","22","  5.5","22"," 13.0"," 17.1","  86.0"," ","  66.9"," "," 0.02","G","999.9","010010"
"72429793812","2014-08-12","39.106","-84.41609","144.8","CINCINNATI MUNICIPAL AIRPORT LUNKEN FIELD, OH US","  74.4"," 5","  59.2"," 5","9999.9"," 0","993.2"," 5"," 10.0"," 5"," 13.4"," 5"," 17.1"," 25.1","  77.0","*","  71.1","*"," 0.01","G","999.9","010000"
"72429793812","2014-08-13","39.106","-84.41609","144.8","CINCINNATI MUNICIPAL AIRPORT LUNKEN FIELD, OH US","  70.0","24","  55.5","24","1016.4","16","997.9","24"," 10.0","24","  7.4","23","  9.9"," 15.0","  81.0"," ","  61.0"," "," 0.00","G","999.9","000000"
"72429793812","2014-08-14","39.106","-84.41609","144.8","CINCINNATI MUNICIPAL AIRPORT LUNKEN FIELD, OH US","  72.3","24","  58.4","24","1016.2","24","998.6","24"," 10.0","24","  4.9","24"," 12.0"," 19.0","  82.9"," ","  61.0"," "," 0.00","G","999.9","000000"
"72429793812","2014-08-15","39.106","-84.41609","144.8","CINCINNATI MUNICIPAL AIRPORT LUNKEN FIELD, OH US","  66.5","24","  49.5","24","1017.2","24","999.5","24","  9.8","24","  2.9","24","  7.0","999.9","  82.9"," ","  52.0"," "," 0.00","G","999.9","000000"
"72429793812","2014-08-16","39.106","-84.41609","144.8","CINCINNATI MUNICIPAL AIRPORT LUNKEN FIELD, OH US","  64.2","24","  54.9","24","1016.4","24","998.5","24"," 10.0","24","  3.0","24","  8.0","999.9","  80.1"," ","  48.9"," "," 0.00","G","999.9","000000"
"72429793812","2014-08-17","39.106","-84.41609","144.8","CINCINNATI MUNICIPAL AIRPORT LUNKEN FIELD, OH US","  72.9","24","  66.8","24","1014.6","24","996.9","24","  9.0","24","  2.7","24","  7.0","999.9","  80.1","*","  66.9","*"," 0.00","G","999.9","000000"
"72429793812","2014-08-18","39.106","-84.41609","144.8","CINCINNATI MUNICIPAL AIRPORT LUNKEN FIELD, OH US","  75.8","24","  68.4","24","1010.5","23","993.0","24","  9.2","24","  2.4","24","  6.0","999.9","  84.0"," ","  66.9"," "," 0.00","G","999.9","000000"
"72429793812","2014-08-19","39.106","-84.41609","144.8","CINCINNATI MUNICIPAL AIRPORT LUNKEN FIELD, OH US","  77.7","24","  69.6","24","1009.7","20","992.3","24","  6.2","24","  4.2","24"," 11.1"," 17.1","  90.0"," ","  66.9"," "," 0.00","G","999.9","110000"
"72429793812","2014-08-20","39.106","-84.41609","144.8","CINCINNATI MUNICIPAL AIRPORT LUNKEN FIELD, OH US","  74.6","24","  66.9","24","1012.4","22","994.9","24","  9.3","24","  5.3","24"," 18.1"," 34.0","  90.0"," ","  64.0"," "," 0.00","G","999.9","010010"
"72429793812","2014-08-21","39.106","-84.41609","144.8","CINCINNATI MUNICIPAL AIRPORT LUNKEN FIELD, OH US","  72.7","24","  69.8","24","1016.5","16","999.4","24","  8.5","24","  3.2","24","  7.0","999.9","  87.1"," ","  64.0"," "," 0.65","G","999.9","010010"
"72429793812","2014-08-22","39.106","-84.41609","144.8","CINCINNATI MUNICIPAL AIRPORT LUNKEN FIELD, OH US","  76.2","24","  72.2","24","1015.2","17","997.9","24","  7.8","24","  3.3","24"," 15.9"," 26.0","  87.1"," ","  64.9"," "," 0.85","G","999.9","010010"
"72429793812","2014-08-23","39.106","-84.41609","144.8","CINCINNATI MUNICIPAL AIRPORT LUNKEN FIELD, OH US","  78.1","24","  72.3","24","1014.9","16","997.4","24","  6.5","24","  1.9","24"," 15.0","999.9","  91.0"," ","  69.1"," "," 0.30","G","999.9","110010"
"72429793812","2014-08-24","39.106","-84.41609","144.8","CINCINNATI MUNICIPAL AIRPORT LUNKEN FIELD, OH US","  78.8","24","  71.6","24","1015.5","20","997.9","24","  7.4","24","  3.0","24","  7.0","999.9","  91.0"," ","  69.1"," "," 0.08","G","999.9","000000"
"72429793812","2014-08-25","39.106","-84.41609","144.8","CINCINNATI MUNICIPAL AIRPORT LUNKEN FIELD, OH US","  77.4","24","  70.1","24","1017.3","23","999.7","24","  8.4","24","  1.7","24","  7.0","999.9","  90.0"," ","  66.9"," "," 0.00","G","999.9","000000"
"72429793812","2014-08-26","39.106","-84.41609","144.8","CINCINNATI MUNICIPAL AIRPORT LUNKEN FIELD, OH US","  77.3","24","  69.2","24","1018.8","22","001.2","24","  7.6","24","  1.2","24","  6.0","999.9","  91.0"," ","  66.9"," "," 0.00","G","999.9","010010"
"72429793812","2014-08-27","39.106","-84.41609","144.8","CINCINNATI MUNICIPAL AIRPORT LUNKEN FIELD, OH US","  77.8","24","  70.8","24","1017.7","18","000.4","24","  6.4","24","  2.4","24","  9.9","999.9","  91.9"," ","  66.9"," "," 0.03","G","999.9","100000"
"72429793812","2014-08-28","39.106","-84.41609","144.8","CINCINNATI MUNICIPAL AIRPORT LUNKEN FIELD, OH US","  76.8","24","  66.6","24","1017.5","22","000.1","24","  9.8","24","  5.1","24","  8.9","999.9","  91.9"," ","  66.9"," "," 0.00","G","999.9","000000"
"72429793812","2014-08-29","39.106","-84.41609","144.8","CINCINNATI MUNICIPAL AIRPORT LUNKEN FIELD, OH US","  75.1","24","  63.9","24","1017.6","24","000.0","24"," 10.0","24","  3.8","24"," 12.0"," 15.9","  90.0"," ","  63.0"," "," 0.00","G","999.9","010000"
"72429793812","2014-08-30","39.106","-84.41609","144.8","CINCINNATI MUNICIPAL AIRPORT LUNKEN FIELD, OH US","  76.6","24","  69.0","24","1016.9","23","999.3","24","  8.5","24","  4.8","24"," 12.0"," 20.0","  90.0"," ","  63.0"," "," 0.00","G","999.9","010000"
"72429793812","2014-08-31","39.106","-84.41609","144.8","CINCINNATI MUNICIPAL AIRPORT LUNKEN FIELD, OH US","  74.3","24","  70.4","24","1016.5","16","999.0","24","  8.0","24","  4.8","24"," 12.0"," 17.1","  89.1"," ","  66.9"," "," 0.26","G","999.9","010000"
"72429793812","2014-09-01","39.106","-84.41609","144.8","CINCINNATI MUNICIPAL AIRPORT LUNKEN FIELD, OH US","  76.3","24","  71.4","24","1014.3","17","997.2","24","  9.2","24","  6.4","24"," 17.1"," 21.0","  87.1"," ","  68.0"," "," 0.03","G","999.9","010000"
"72429793812","2014-09-02","39.106","-84.41609","144.8","CINCINNATI MUNICIPAL AIRPORT LUNKEN FIELD, OH US","  75.0","24","  69.5","24","1013.8","22","996.4","24","  9.8","24","  7.4","24"," 15.9"," 24.1","  87.1"," ","  66.0"," "," 0.64","G","999.9","010010"
"72429793812","2014-09-03","39.106","-84.41609","144.8","CINCINNATI MUNICIPAL AIRPORT LUNKEN FIELD, OH US","  73.5","24","  67.6","24","1016.8","17","999.2","24","  4.9","24","  1.5","24","  5.1","999.9","  84.0"," ","  66.0"," "," 0.41","G","999.9","110000"
"72429793812","2014-09-04","39.106","-84.41609","144.8","CINCINNATI MUNICIPAL AIRPORT LUNKEN FIELD, OH US","  73.7","24","  66.8","24","1018.4","16","000.8","24","  6.0","24","  1.7","23","  7.0","999.9","  89.1","*","  62.6","*"," 0.00","G","999.9","100000"
"72429793812","2014-09-05","39.106","-84.41609","144.8","CINCINNATI MUNICIPAL AIRPORT LUNKEN FIELD, OH US","  77.7","24","  70.4","24","1018.4","22","000.9","24","  9.0","24","  3.5","24","  8.9"," 15.9","  90.0"," ","  63.0"," "," 0.00","G","999.9","100000"
"72429793812","2014-09-06","39.106","-84.41609","144.8","CINCINNATI MUNICIPAL AIRPORT LUNKEN FIELD, OH US","  73.2","24","  67.7","24","1017.1","15","999.6","24","  8.9","24","  4.8","24"," 15.0"," 24.1","  90.0"," ","  66.0"," "," 0.19","G","999.9","110010"
"72429793812","2014-09-07","39.106","-84.41609","144.8","CINCINNATI MUNICIPAL AIRPORT LUNKEN FIELD, OH US","  66.2","24","  56.3","24","1021.1","20","003.2","24","  8.3","24","  4.0","23"," 11.1","999.9","  82.0"," ","  54.0"," "," 0.00","I","999.9","100000"
"72429793812","2014-09-08","39.106","-84.41609","144.8","CINCINNATI MUNICIPAL AIRPORT LUNKEN FIELD, OH US","  65.7","24","  56.2","24","1019.2","22","001.5","24","  8.7","24","  2.4","24","  8.0","999.9","  82.0"," ","  51.1"," "," 0.00","G","999.9","100000"
"72429793812","2014-09-09","39.106","-84.41609","144.8","CINCINNATI MUNICIPAL AIRPORT LUNKEN FIELD, OH US","  68.1","24","  58.6","24","1017.3","17","999.8","24","  7.0","24","  1.8","24","  8.9","999.9","  84.0"," ","  51.1"," "," 0.00","G","999.9","100000"
"72429793812","2014-09-10","39.106","-84.41609","144.8","CINCINNATI MUNICIPAL AIRPORT LUNKEN FIELD, OH US","  71.8","24","  66.1","24","1012.8","22","995.2","24","  9.1","24","  7.0","24"," 18.1"," 25.1","  84.0"," ","  55.0"," "," 0.00","G","999.9","000000"
"72429793812","2014-09-11","39.106","-84.41609","144.8","CINCINNATI MUNICIPAL AIRPORT LUNKEN FIELD, OH US","  70.7","24","  64.2","24","1013.8","16","996.0","24","  8.8","24","  8.5","24"," 22.0"," 28.9","  82.9"," ","  62.1"," "," 1.01","G","999.9","010010"
"72429793812","2014-09-12","39.106","-84.41609","144.8","CINCINNATI MUNICIPAL AIRPORT LUNKEN FIELD, OH US","  60.9","24","  53.9","24","1021.8","22","003.9","24"," 10.0","24","  4.9","24","  8.9","999.9","  75.0"," ","  55.9"," "," 0.76","G","999.9","000000"
"72429793812","2014-09-13","39.106","-84.41609","144.8","CINCINNATI MUNICIPAL AIRPORT LUNKEN FIELD, OH US","  61.3","24","  50.6","24","1023.1","21","005.2","24"," 10.0","24","  4.9","24"," 12.0"," 18.1","  66.9"," ","  55.9"," "," 0.00","G","999.9","000000"
"72429793812","2014-09-14","39.106","-84.41609","144.8","CINCINNATI MUNICIPAL AIRPORT LUNKEN FIELD, OH US","  55.6","24","  47.0","24","1025.6","20","007.5","24","  8.1","24","  1.6","24","  7.0","999.9","  71.1"," ","  43.0"," "," 0.00","G","999.9","100000"
"72429793812","2014-09-15","39.106","-84.41609","144.8","CINCINNATI MUNICIPAL AIRPORT LUNKEN FIELD, OH US","  57.0","24","  50.8","24","1021.9","18","004.2","24","  7.0","24","  2.0","24"," 12.0"," 19.0","  72.0"," ","  43.0"," "," 0.00","G","999.9","110000"
"72429793812","2014-09-16","39.106","-84.41609","144.8","CINCINNATI MUNICIPAL AIRPORT LUNKEN FIELD, OH US","  59.7","24","  55.0","24","1020.4","17","002.3","24","  8.8","24","  3.7","24","  8.9","999.9","  72.0"," ","  45.0"," "," 0.18","G","999.9","010000"
"72429793812","2014-09-17","39.106","-84.41609","144.8","CINCINNATI MUNICIPAL AIRPORT LUNKEN FIELD, OH US","  57.6","24","  50.0","24","1018.0","20","000.3","24","  8.1","24","  1.7","24","  5.1","999.9","  68.0"," ","  46.0"," "," 0.01","G","999.9","000000"
"72429793812","2014-09-18","39.106","-84.41609","144.8","CINCINNATI MUNICIPAL AIRPORT LUNKEN FIELD, OH US","  58.5","24","  49.3","24","1017.9","19","999.8","24","  6.7","24","  2.7","24","  9.9"," 15.0","  73.9"," ","  46.0"," "," 0.00","G","999.9","100000"
"72429793812","2014-09-19","39.106","-84.41609","144.8","CINCINNATI MUNICIPAL AIRPORT LUNKEN FIELD, OH US","  59.4","24","  49.7","24","1020.5","20","002.8","24","  8.6","24","  3.0","24","  8.9","999.9","  77.0"," ","  43.0"," "," 0.00","G","999.9","100000"
"72429793812","2014-09-20","39.106","-84.41609","144.8","CINCINNATI MUNICIPAL AIRPORT LUNKEN FIELD, OH US","  65.1","24","  58.4","24","1017.6","24","999.8","24","  8.0","24","  4.8","24"," 14.0"," 19.0","  82.0"," ","  43.0"," "," 0.00","G","999.9","000000"
"72429793812","2014-09-21","39.106","-84.41609","144.8","CINCINNATI MUNICIPAL AIRPORT LUNKEN FIELD, OH US","  72.3","24","  59.3","24","1011.4","22","993.8","24"," 10.0","24","  9.7","24"," 19.0"," 32.1","  82.0"," ","  52.0"," "," 0.00","G","999.9","000000"
"72429793812","2014-09-22","39.106","-84.41609","144.8","CINCINNATI MUNICIPAL AIRPORT LUNKEN FIELD, OH US","  57.4","24","  44.2","24","1021.1","22","003.3","24"," 10.0","24","  6.6","24"," 12.0"," 15.0","  79.0"," ","  48.0"," "," 0.00","G","999.9","000000"
"72429793812","2014-09-23","39.106","-84.41609","144.8","CINCINNATI MUNICIPAL AIRPORT LUNKEN FIELD, OH US","  54.9","24","  44.4","24","1026.5","20","008.4","24","  8.1","24","  2.4","24","  7.0","999.9","  73.9"," ","  39.9"," "," 0.00","G","999.9","000000"
"72429793812","2014-09-24","39.106","-84.41609","144.8","CINCINNATI MUNICIPAL AIRPORT LUNKEN FIELD, OH US","  58.5","24","  47.5","24","1026.9","20","008.8","24","  8.4","24","  1.8","24","  6.0","999.9","  79.0"," ","  39.9"," "," 0.00","G","999.9","100000"
"72429793812","2014-09-25","39.106","-84.41609","144.8","CINCINNATI MUNICIPAL AIRPORT LUNKEN FIELD, OH US","  60.2","24","  51.8","24","1025.3","23","007.4","24","  9.8","24","  1.7","23","  5.1","999.9","  81.0"," ","  42.1"," "," 0.00","G","999.9","000000"
"72429793812","2014-09-26","39.106","-84.41609","144.8","CINCINNATI MUNICIPAL AIRPORT LUNKEN FIELD, OH US","  64.1","24","  54.0","24","1023.3","16","005.5","24","  7.2","24","  2.2","24","  8.0","999.9","  82.0"," ","  45.0"," "," 0.00","G","999.9","100000"
"72429793812","2014-09-27","39.106","-84.41609","144.8","CINCINNATI MUNICIPAL AIRPORT LUNKEN FIELD, OH US","  64.9","24","  55.0","24","1022.4","19","004.7","24","  7.7","24","  2.0","24","  8.0","999.9","  82.9"," ","  48.0"," "," 0.00","G","999.9","100000"
"72429793812","2014-09-28","39.106","-84.41609","144.8","CINCINNATI MUNICIPAL AIRPORT LUNKEN FIELD, OH US","  64.1","24","  56.1","24","1020.3","24","002.4","24","  9.8","24","  1.2","24","  5.1","999.9","  82.9"," ","  51.1"," "," 0.00","G","999.9","000000"
"72429793812","2014-09-29","39.106","-84.41609","144.8","CINCINNATI MUNICIPAL AIRPORT LUNKEN FIELD, OH US","  69.5","24","  59.1","24","1015.6","21","998.1","24","  6.4","24","  2.2","24","  8.0","999.9","  84.0"," ","  52.0"," "," 0.04","G","999.9","110000"
"72429793812","2014-09-30","39.106","-84.41609","144.8","CINCINNATI MUNICIPAL AIRPORT LUNKEN FIELD, OH US","  62.3","24","  55.1","24","1013.3","18","995.7","24","  7.7","24","  2.7","24","  9.9","999.9","  84.0"," ","  48.9"," "," 0.00","G","999.9","100000"
"72429793812","2014-10-01","39.106","-84.41609","144.8","CINCINNATI MUNICIPAL AIRPORT LUNKEN FIELD, OH US","  58.2","24","  51.0","24","1015.6","17","998.1","24","  8.0","24","  2.6","24","  8.0","999.9","  79.0"," ","  44.1"," "," 0.00","G","999.9","100000"
"72429793812","2014-10-02","39.106","-84.41609","144.8","CINCINNATI MUNICIPAL AIRPORT LUNKEN FIELD, OH US","  66.3","24","  56.5","24","1015.3","24","997.5","24","  9.2","24","  3.9","24"," 14.0"," 22.9","  87.1"," ","  44.1"," "," 0.00","G","999.9","000000"
"72429793812","2014-10-03","39.106","-84.41609","144.8","CINCINNATI MUNICIPAL AIRPORT LUNKEN FIELD, OH US","  68.7","24","  60.2","24","1007.1","22","989.4","24","  9.7","24"," 10.4","24"," 19.0"," 26.0","  87.1"," ","  51.1"," "," 0.05","G","999.9","010000"
"72429793812","2014-10-04","39.106","-84.41609","144.8","CINCINNATI MUNICIPAL AIRPORT LUNKEN FIELD, OH US","  48.8","24","  36.1","24","1010.9","19","993.0","24"," 10.0","24"," 12.1","24"," 18.1"," 28.0","  73.9"," ","  44.1"," "," 0.09","G","999.9","010000"
"72429793812","2014-10-05","39.106","-84.41609","144.8","CINCINNATI MUNICIPAL AIRPORT LUNKEN FIELD, OH US","  49.9","24","  34.6","24","1011.8","24","993.8","24"," 10.0","24","  8.8","24"," 13.0"," 22.9","  63.0"," ","  39.9"," "," 0.00","G","999.9","010000"
"72429793812","2014-10-06","39.106","-84.41609","144.8","CINCINNATI MUNICIPAL AIRPORT LUNKEN FIELD, OH US","  53.7","24","  48.3","24","1008.0","21","990.2","24","  9.1","24","  5.8","24"," 14.0"," 31.1","  63.0"," ","  39.9"," "," 0.01","G","999.9","010010"
"72429793812","2014-10-07","39.106","-84.41609","144.8","CINCINNATI MUNICIPAL AIRPORT LUNKEN FIELD, OH US","  52.7","24","  50.5","24","1010.0","15","992.4","24","  7.8","24","  3.0","24"," 11.1","999.9","  63.0"," ","  43.0"," "," 0.50","G","999.9","110010"
"72429793812","2014-10-08","39.106","-84.41609","144.8","CINCINNATI MUNICIPAL AIRPORT LUNKEN FIELD, OH US","  56.3","24","  47.6","24","1015.9","22","997.5","24","  6.1","24","  4.2","24"," 12.0"," 21.0","  70.0"," ","  43.0"," "," 0.50","G","999.9","110000"
"72429793812","2014-10-09","39.106","-84.41609","144.8","CINCINNATI MUNICIPAL AIRPORT LUNKEN FIELD, OH US","  50.0","24","  47.5","24","1020.1","17","001.9","24","  7.5","24","  1.2","24","  4.1","999.9","  70.0"," ","  39.9"," "," 0.01","G","999.9","110000"
"72429793812","2014-10-10","39.106","-84.41609","144.8","CINCINNATI MUNICIPAL AIRPORT LUNKEN FIELD, OH US","  54.0","24","  51.7","24","1018.8","19","000.6","24","  8.0","24","  2.8","24","  8.0","999.9","  57.9"," ","  39.9"," "," 0.05","G","999.9","010000"
"72429793812","2014-10-11","39.106","-84.41609","144.8","CINCINNATI MUNICIPAL AIRPORT LUNKEN FIELD, OH US","  53.5","24","  46.3","24","1020.2","20","001.6","24","  9.3","24","  6.1","24","  9.9","999.9","  62.1"," ","  48.9"," "," 0.62","G","999.9","010000"
"72429793812","2014-10-12","39.106","-84.41609","144.8","CINCINNATI MUNICIPAL AIRPORT LUNKEN FIELD, OH US","  50.3","24","  45.3","24","1019.4","19","001.4","24","  8.2","24","  2.8","24","  8.0","999.9","  64.0","*","  37.4","*"," 0.00","G","999.9","100000"
"72429793812","2014-10-13","39.106","-84.41609","144.8","CINCINNATI MUNICIPAL AIRPORT LUNKEN FIELD, OH US","  65.9","24","  61.3","24","1014.5","20","996.9","24","  8.7","24","  5.7","24"," 15.0"," 22.9","  77.0","*","  55.9","*"," 0.09","G","999.9","010000"
"72429793812","2014-10-14","39.106","-84.41609","144.8","CINCINNATI MUNICIPAL AIRPORT LUNKEN FIELD, OH US","  65.9","24","  60.9","24","1006.2","22","988.4","24","  8.4","24","  9.1","24"," 17.1"," 26.0","  78.1"," ","  57.9"," "," 0.24","G","999.9","010000"
"72429793812","2014-10-15","39.106","-84.41609","144.8","CINCINNATI MUNICIPAL AIRPORT LUNKEN FIELD, OH US","  54.6","24","  52.3","24","1007.7","14","990.0","24","  9.1","24","  3.9","24","  9.9","999.9","  72.0"," ","  48.9"," "," 0.30","G","999.9","010000"
"72429793812","2014-10-16","39.106","-84.41609","144.8","CINCINNATI MUNICIPAL AIRPORT LUNKEN FIELD, OH US","  56.9","24","  53.5","24","1009.1","15","990.8","24","  8.7","24","  3.2","24"," 11.1","999.9","  62.1"," ","  48.9"," "," 0.19","G","999.9","010000"
"72429793812","2014-10-17","39.106","-84.41609","144.8","CINCINNATI MUNICIPAL AIRPORT LUNKEN FIELD, OH US","  58.8","24","  49.6","24","1007.3","17","990.3","24","  9.6","24","  9.2","24"," 20.0"," 25.1","  72.0"," ","  48.9"," "," 0.05","G","999.9","000000"
"72429793812","2014-10-18","39.106","-84.41609","144.8","CINCINNATI MUNICIPAL AIRPORT LUNKEN FIELD, OH US","  54.7","24","  44.8","24","1013.4","21","995.5","24","  9.9","24","  9.2","24"," 15.0"," 25.1","  72.0"," ","  48.0"," "," 0.01","G","999.9","010000"
"72429793812","2014-10-19","39.106","-84.41609","144.8","CINCINNATI MUNICIPAL AIRPORT LUNKEN FIELD, OH US","  49.8","24","  42.1","24","1022.3","21","004.1","24"," 10.0","24","  4.2","24","  8.9","999.9","  57.9"," ","  43.0"," "," 0.05","G","999.9","010000"
"72429793812","2014-10-20","39.106","-84.41609","144.8","CINCINNATI MUNICIPAL AIRPORT LUNKEN FIELD, OH US","  50.9","24","  45.1","24","1015.7","24","997.7","24","  8.8","24","  4.5","24"," 15.0"," 20.0","  64.0"," ","  41.0"," "," 0.00","G","999.9","000000"
"72429793812","2014-10-21","39.106","-84.41609","144.8","CINCINNATI MUNICIPAL AIRPORT LUNKEN FIELD, OH US","  52.6","24","  45.2","24","1016.0","23","997.9","24","  9.5","24","  6.0","24"," 12.0"," 18.1","  64.0"," ","  42.1"," "," 0.01","G","999.9","000000"
"72429793812","2014-10-22","39.106","-84.41609","144.8","CINCINNATI MUNICIPAL AIRPORT LUNKEN FIELD, OH US","  49.0","24","  39.7","24","1024.4","23","006.3","24"," 10.0","24","  6.1","24","  8.9","999.9","  55.9"," ","  44.1"," "," 0.00","G","999.9","000000"
"72429793812","2014-10-23","39.106","-84.41609","144.8","CINCINNATI MUNICIPAL AIRPORT LUNKEN FIELD, OH US","  49.4","24","  40.9","24","1024.0","22","005.9","24","  9.5","24","  1.7","24","  7.0","999.9","  61.0"," ","  35.1"," "," 0.00","G","999.9","100000"
"72429793812","2014-10-24","39.106","-84.41609","144.8","CINCINNATI MUNICIPAL AIRPORT LUNKEN FIELD, OH US","  49.2","24","  41.9","24","1019.5","17","001.7","24","  7.0","24","  0.9","24","  6.0","999.9","  66.0"," ","  35.1"," "," 0.00","G","999.9","100000"
"72429793812","2014-10-25","39.106","-84.41609","144.8","CINCINNATI MUNICIPAL AIRPORT LUNKEN FIELD, OH US","  53.2","24","  47.4","24","1016.0","22","997.9","24","  7.8","24","  3.4","24"," 12.0","999.9","  73.0"," ","  37.9"," "," 0.00","G","999.9","000000"
"72429793812","2014-10-26","39.106","-84.41609","144.8","CINCINNATI MUNICIPAL AIRPORT LUNKEN FIELD, OH US","  57.8","24","  40.2","24","1015.1","24","997.3","24"," 10.0","24","  3.2","24","  8.9","999.9","  73.0"," ","  37.9"," "," 0.00","G","999.9","000000"
"72429793812","2014-10-27","39.106","-84.41609","144.8","CINCINNATI MUNICIPAL AIRPORT LUNKEN FIELD, OH US","  56.9","24","  48.0","24","1013.8","24","995.9","24","  9.9","24","  4.7","24"," 14.0"," 26.0","  81.0"," ","  37.9"," "," 0.00","G","999.9","000000"
"72429793812","2014-10-28","39.106","-84.41609","144.8","CINCINNATI MUNICIPAL AIRPORT LUNKEN FIELD, OH US","  65.8","24","  56.0","24","1012.8","22","995.2","24","  9.6","24","  9.8","24"," 18.1"," 28.9","  73.0","*","  55.9","*"," 0.00","G","999.9","010000"
"72429793812","2014-10-29","39.106","-84.41609","144.8","CINCINNATI MUNICIPAL AIRPORT LUNKEN FIELD, OH US","  54.1","24","  40.1","24","1018.1","24","000.1","24"," 10.0","24","  6.8","24"," 15.0"," 24.1","  72.0"," ","  43.0"," "," 0.03","G","999.9","000000"
"72429793812","2014-10-30","39.106","-84.41609","144.8","CINCINNATI MUNICIPAL AIRPORT LUNKEN FIELD, OH US","  46.2","24","  35.1","24","1020.7","24","002.5","24","  9.9","24","  2.1","24","  5.1","999.9","  60.1"," ","  34.0"," "," 0.00","G","999.9","000000"
"72429793812","2014-10-31","39.106","-84.41609","144.8","CINCINNATI MUNICIPAL AIRPORT LUNKEN FIELD, OH US","  42.6","24","  38.5","24","1016.6","18","997.9","24","  9.0","24","  3.3","24"," 12.0"," 17.1","  55.9"," ","  34.0"," "," 0.01","G","999.9","010000"
"72429793812","2014-11-01","39.106","-84.41609","144.8","CINCINNATI MUNICIPAL AIRPORT LUNKEN FIELD, OH US","  37.3","24","  29.2","24","1022.3","21","003.8","24","  9.6","24"," 12.6","24"," 20.0"," 29.9","  39.9","*","  33.8","*"," 0.16","G","999.9","011000"
"72429793812","2014-11-02","39.106","-84.41609","144.8","CINCINNATI MUNICIPAL AIRPORT LUNKEN FIELD, OH US","  33.6","24","  23.2","24","1030.7","24","012.0","24"," 10.0","24","  1.0","24","  5.1","999.9","  48.9"," ","  21.9"," "," 0.00","G","999.9","000000"
"72429793812","2014-11-03","39.106","-84.41609","144.8","CINCINNATI MUNICIPAL AIRPORT LUNKEN FIELD, OH US","  42.5","24","  26.2","24","1027.7","24","009.2","24"," 10.0","24","  4.3","24"," 14.0"," 20.0","  64.0"," ","  21.9"," "," 0.00","G","999.9","000000"
"72429793812","2014-11-04","39.106","-84.41609","144.8","CINCINNATI MUNICIPAL AIRPORT LUNKEN FIELD, OH US","  51.0","24","  37.0","24","1021.6","24","003.5","24"," 10.0","24","  7.4","24"," 20.0"," 27.0","  68.0"," ","  26.1"," "," 0.00","G","999.9","000000"
"72429793812","2014-11-05","39.106","-84.41609","144.8","CINCINNATI MUNICIPAL AIRPORT LUNKEN FIELD, OH US","  53.0","24","  48.5","24","1022.5","19","004.2","24","  8.9","24","  3.3","24"," 12.0","999.9","  68.0"," ","  35.1"," "," 0.05","G","999.9","010000"
"72429793812","2014-11-06","39.106","-84.41609","144.8","CINCINNATI MUNICIPAL AIRPORT LUNKEN FIELD, OH US","  49.9","24","  46.1","24","1014.4","17","996.5","24","  8.0","24","  9.0","24"," 19.0"," 34.0","  57.0"," ","  44.1"," "," 0.05","G","999.9","010000"
"72429793812","2014-11-07","39.106","-84.41609","144.8","CINCINNATI MUNICIPAL AIRPORT LUNKEN FIELD, OH US","  42.2","24","  31.3","24","1020.5","23","002.2","24"," 10.0","24","  6.0","23"," 12.0"," 22.0","  53.1"," ","  35.1"," "," 0.02","G","999.9","010000"
"72429793812","2014-11-08","39.106","-84.41609","144.8","CINCINNATI MUNICIPAL AIRPORT LUNKEN FIELD, OH US","  41.0","24","  32.2","24","1014.6","24","996.3","24"," 10.0","24","  5.9","24"," 15.0"," 19.0","  57.0"," ","  28.0"," "," 0.00","G","999.9","000000"
"72429793812","2014-11-09","39.106","-84.41609","144.8","CINCINNATI MUNICIPAL AIRPORT LUNKEN FIELD, OH US","  43.8","24","  31.2","24","1016.4","24","998.2","24"," 10.0","24","  5.1","24","  8.9","999.9","  57.0"," ","  28.0"," "," 0.00","G","999.9","000000"
"72429793812","2014-11-10","39.106","-84.41609","144.8","CINCINNATI MUNICIPAL AIRPORT LUNKEN FIELD, OH US","  46.0","24","  33.2","24","1014.3","24","996.1","24","  9.7","24","  4.2","24"," 14.0"," 22.0","  64.9"," ","  28.9"," "," 0.00","G","999.9","000000"
"72429793812","2014-11-11","39.106","-84.41609","144.8","CINCINNATI MUNICIPAL AIRPORT LUNKEN FIELD, OH US","  54.1","24","  41.4","24","1010.4","22","992.6","24","  9.5","24","  8.1","24"," 18.1"," 24.1","  68.0"," ","  30.0"," "," 0.00","G","999.9","010000"
"72429793812","2014-11-12","39.106","-84.41609","144.8","CINCINNATI MUNICIPAL AIRPORT LUNKEN FIELD, OH US","  38.3","24","  29.8","24","1023.0","21","003.8","24"," 10.0","24","  6.4","24"," 11.1"," 18.1","  46.9","*","  36.0","*"," 0.06","G","999.9","010000"
"72429793812","2014-11-13","39.106","-84.41609","144.8","CINCINNATI MUNICIPAL AIRPORT LUNKEN FIELD, OH US","  30.8","24","  18.8","24","1026.2","20","007.5","24","  9.9","24","  6.6","24","  9.9"," 15.0","  39.0"," ","  28.0"," "," 0.00","G","999.9","000000"
"72429793812","2014-11-14","39.106","-84.41609","144.8","CINCINNATI MUNICIPAL AIRPORT LUNKEN FIELD, OH US","  27.4","24","  15.0","24","1028.5","23","009.8","24","  9.7","24","  5.3","22","  9.9","999.9","  37.0"," ","  21.9"," "," 0.00","G","999.9","000000"
"72429793812","2014-11-15","39.106","-84.41609","144.8","CINCINNATI MUNICIPAL AIRPORT LUNKEN FIELD, OH US","  24.4","24","  15.6","24","1030.2","23","011.4","24","  8.4","24","  1.8","24","  5.1","999.9","  37.0"," ","  14.0"," "," 0.00","G","999.9","100000"
"72429793812","2014-11-16","39.106","-84.41609","144.8","CINCINNATI MUNICIPAL AIRPORT LUNKEN FIELD, OH US","  34.1","24","  27.4","24","1023.1","21","003.9","24","  8.2","24","  1.4","24","  8.0","999.9","  39.2","*","  30.0","*"," 0.00","G","999.9","011000"
"72429793812","2014-11-17","39.106","-84.41609","144.8","CINCINNATI MUNICIPAL AIRPORT LUNKEN FIELD, OH US","  29.9","23","  26.5","23","1013.9"," 6","995.0","23","  3.7","23","  5.3","23"," 15.9"," 25.1","  37.0","*","  21.2","*"," 0.48","G","999.9","011000"
"72429793812","2014-11-18","39.106","-84.41609","144.8","CINCINNATI MUNICIPAL AIRPORT LUNKEN FIELD, OH US","  17.9","24","   9.5","24","1023.4","20","004.0","24","  9.6","24"," 12.1","24"," 17.1"," 22.9","  34.0"," ","  12.9"," "," 0.33","G","999.9","001000"
"72429793812","2014-11-19","39.106","-84.41609","144.8","CINCINNATI MUNICIPAL AIRPORT LUNKEN FIELD, OH US","  25.4","24","  15.6","24","1021.1","24","002.4","24"," 10.0","24"," 10.7","24"," 15.9"," 28.0","  41.0"," ","  12.0"," "," 0.00","G","999.9","000000"
"72429793812","2014-11-20","39.106","-84.41609","144.8","CINCINNATI MUNICIPAL AIRPORT LUNKEN FIELD, OH US","  29.6","24","  16.8","24","1021.1","24","002.5","24"," 10.0","24"," 11.2","24"," 17.1"," 22.0","  41.0"," ","  12.0"," "," 0.00","G","999.9","000000"
"72429793812","2014-11-21","39.106","-84.41609","144.8","CINCINNATI MUNICIPAL AIRPORT LUNKEN FIELD, OH US","  26.1","24","  11.8","24","1031.0","24","012.1","24"," 10.0","24","  3.7","24","  8.9","999.9","  35.1"," ","  14.0"," "," 0.00","G","999.9","000000"
"72429793812","2014-11-22","39.106","-84.41609","144.8","CINCINNATI MUNICIPAL AIRPORT LUNKEN FIELD, OH US","  37.6","24","  26.8","24","1026.2","24","007.6","24"," 10.0","24","  4.5","24"," 18.1"," 27.0","  61.0"," ","  14.0"," "," 0.02","G","999.9","001000"
"72429793812","2014-11-23","39.106","-84.41609","144.8","CINCINNATI MUNICIPAL AIRPORT LUNKEN FIELD, OH US","  50.3","24","  40.8","24","1013.1","24","995.1","24","  9.6","24","  4.9","24"," 13.0"," 21.0","  61.0","*","  39.9","*"," 0.01","G","999.9","010000"
"72429793812","2014-11-24","39.106","-84.41609","144.8","CINCINNATI MUNICIPAL AIRPORT LUNKEN FIELD, OH US","  55.0","24","  46.7","19"," 998.3","15","980.0","24","  9.1","24"," 17.6","24"," 31.1"," 41.0","  63.0"," ","  39.9"," "," 0.93","G","999.9","010000"
"72429793812","2014-11-25","39.106","-84.41609","144.8","CINCINNATI MUNICIPAL AIRPORT LUNKEN FIELD, OH US","  39.2","24","  29.0","24","1017.8","24","999.5","24"," 10.0","24","  7.6","24"," 14.0","999.9","  44.1","*","  33.1","*"," 0.01","G","999.9","000000"
"72429793812","2014-11-26","39.106","-84.41609","144.8","CINCINNATI MUNICIPAL AIRPORT LUNKEN FIELD, OH US","  32.3","24","  26.1","24","1021.0","22","002.6","24","  8.6","24","  3.9","24","  7.0","999.9","  45.0"," ","  24.1"," "," 0.00","G","999.9","000000"
"72429793812","2014-11-27","39.106","-84.41609","144.8","CINCINNATI MUNICIPAL AIRPORT LUNKEN FIELD, OH US","  31.5","24","  23.6","24","1023.5","20","004.9","24","  9.0","24","  6.5","24"," 15.0"," 17.1","  39.9"," ","  24.1"," "," 0.00","G","999.9","000000"
"72429793812","2014-11-28","39.106","-84.41609","144.8","CINCINNATI MUNICIPAL AIRPORT LUNKEN FIELD, OH US","  30.2","24","  17.6","24","1028.5","20","010.1","24"," 10.0","24","  6.1","23"," 11.1"," 15.9","  36.0"," ","  26.1"," "," 0.00","G","999.9","000000"
"72429793812","2014-11-29","39.106","-84.41609","144.8","CINCINNATI MUNICIPAL AIRPORT LUNKEN FIELD, OH US","  41.2","24","  27.4","24","1017.3","22","998.7","24"," 10.0","24","  7.7","24"," 15.9"," 24.1","  55.4","*","  30.9","*"," 0.00","G","999.9","000000"
"72429793812","2014-11-30","39.106","-84.41609","144.8","CINCINNATI MUNICIPAL AIRPORT LUNKEN FIELD, OH US","  60.9","24","  50.2","24","1013.5","23","995.6","24"," 10.0","24"," 13.2","24"," 18.1"," 26.0","  66.9","*","  55.9","*"," 0.00","G","999.9","000000"
"72429793812","2014-12-01","39.106","-84.41609","144.8","CINCINNATI MUNICIPAL AIRPORT LUNKEN FIELD, OH US","  46.0","24","  42.5","23","1026.3","19","007.9","24","  7.6","24","  8.7","24"," 15.0"," 22.0","  66.9"," ","  34.0"," "," 0.54","G","999.9","010000"
"72429793812","2014-12-02","39.106","-84.41609","144.8","CINCINNATI MUNICIPAL AIRPORT LUNKEN FIELD, OH US","  33.7","24","  28.4","24","1028.8","21","009.8","24","  8.5","24","  5.4","24","  8.9","999.9","  36.0","*","  30.9","*"," 0.19","G","999.9","000000"
"72429793812","2014-12-03","39.106","-84.41609","144.8","CINCINNATI MUNICIPAL AIRPORT LUNKEN FIELD, OH US","  36.8","24","  32.9","24","1024.5","21","005.9","24","  8.3","24","  7.6","24"," 12.0"," 18.1","  41.0"," ","  30.9"," "," 0.00","G","999.9","010000"
"72429793812","2014-12-04","39.106","-84.41609","144.8","CINCINNATI MUNICIPAL AIRPORT LUNKEN FIELD, OH US","  30.7","24","  29.1","24","1029.6","17","011.0","24","  4.1","24","  1.7","24","  6.0","999.9","  41.0"," ","  24.1"," "," 0.01","G","999.9","111000"
"72429793812","2014-12-05","39.106","-84.41609","144.8","CINCINNATI MUNICIPAL AIRPORT LUNKEN FIELD, OH US","  37.7","24","  36.6","24","1025.5","11","006.5","24","  3.9","24","  2.4","24","  6.0","999.9","  43.0"," ","  24.1"," "," 0.16","G","999.9","110000"
"72429793812","2014-12-06","39.106","-84.41609","144.8","CINCINNATI MUNICIPAL AIRPORT LUNKEN FIELD, OH US","  42.8","24","  40.5","24","1023.9","15","004.1","24","  5.7","24","  7.5","24"," 17.1"," 25.1","  48.0","*","  39.0","*"," 1.24","G","999.9","010000"
"72429793812","2014-12-07","39.106","-84.41609","144.8","CINCINNATI MUNICIPAL AIRPORT LUNKEN FIELD, OH US","  36.2","24","  27.6","24","1035.1","24","016.4","24"," 10.0","24","  7.6","24"," 12.0"," 18.1","  48.9"," ","  26.1"," "," 0.20","G","999.9","000000"
"72429793812","2014-12-08","39.106","-84.41609","144.8","CINCINNATI MUNICIPAL AIRPORT LUNKEN FIELD, OH US","  38.3","24","  30.2","24","1025.9","24","007.4","24"," 10.0","24","  4.6","24"," 14.0","999.9","  48.0"," ","  26.1"," "," 0.00","G","999.9","000000"
"72429793812","2014-12-09","39.106","-84.41609","144.8","CINCINNATI MUNICIPAL AIRPORT LUNKEN FIELD, OH US","  40.9","24","  36.3","24","1020.9","12","002.5","24","  9.8","24","  6.4","24"," 12.0"," 14.0","  48.0"," ","  30.9"," "," 0.01","G","999.9","010000"
"72429793812","2014-12-10","39.106","-84.41609","144.8","CINCINNATI MUNICIPAL AIRPORT LUNKEN FIELD, OH US","  36.4","24","  28.9","24","1024.7","14","006.3","24","  9.8","24","  8.5","24"," 14.0","999.9","  45.0"," ","  33.1"," "," 0.01","G","999.9","010000"
"72429793812","2014-12-11","39.106","-84.41609","144.8","CINCINNATI MUNICIPAL AIRPORT LUNKEN FIELD, OH US","  33.7","24","  21.6","24","1023.8","23","005.2","24"," 10.0","24","  7.0","24","  9.9"," 15.9","  42.1"," ","  26.1"," "," 0.00","G","999.9","000000"
"72429793812","2014-12-12","39.106","-84.41609","144.8","CINCINNATI MUNICIPAL AIRPORT LUNKEN FIELD, OH US","  32.1","24","  24.9","24","1026.6","21","008.2","24","  7.8","24","  5.4","24"," 11.1","999.9","  43.0"," ","  23.0"," "," 0.00","G","999.9","000000"
"72429793812","2014-12-13","39.106","-84.41609","144.8","CINCINNATI MUNICIPAL AIRPORT LUNKEN FIELD, OH US","  39.5","24","  33.4","24","1026.0","24","007.5","24","  9.2","24","  5.5","24"," 11.1"," 17.1","  45.0"," ","  23.0"," "," 0.00","G","999.9","000000"
"72429793812","2014-12-14","39.106","-84.41609","144.8","CINCINNATI MUNICIPAL AIRPORT LUNKEN FIELD, OH US","  44.4","24","  36.9","24","1022.6","24","004.3","24","  9.0","24","  3.3","24","  7.0","999.9","  46.9"," ","  36.0"," "," 0.00","G","999.9","000000"
"72429793812","2014-12-15","39.106","-84.41609","144.8","CINCINNATI MUNICIPAL AIRPORT LUNKEN FIELD, OH US","  43.5","24","  36.9","24","1018.1","21","999.9","24","  8.6","24","  3.5","24","  8.9","999.9","  51.1"," ","  35.1"," "," 0.00","G","999.9","000000"
"72429793812","2014-12-16","39.106","-84.41609","144.8","CINCINNATI MUNICIPAL AIRPORT LUNKEN FIELD, OH US","  46.6","24","  42.1","23","1010.7","18","992.6","24","  9.4","24","  8.0","24"," 15.9"," 22.9","  51.1"," ","  35.1"," "," 0.15","G","999.9","010000"
"72429793812","2014-12-17","39.106","-84.41609","144.8","CINCINNATI MUNICIPAL AIRPORT LUNKEN FIELD, OH US","  33.7","24","  28.4","24","1023.8","20","004.8","24","  9.7","24"," 10.0","24"," 15.0"," 22.9","  50.0"," ","  30.0"," "," 0.13","G","999.9","011000"
"72429793812","2014-12-18","39.106","-84.41609","144.8","CINCINNATI MUNICIPAL AIRPORT LUNKEN FIELD, OH US","  28.0","24","  19.9","24","1026.4","20","007.5","24"," 10.0","24","  2.7","24","  8.0","999.9","  37.0"," ","  24.1"," "," 0.00","G","999.9","000000"
"72429793812","2014-12-19","39.106","-84.41609","144.8","CINCINNATI MUNICIPAL AIRPORT LUNKEN FIELD, OH US","  28.0","24","  21.2","24","1026.3","22","007.6","24","  9.2","24","  1.8","24","  5.1","999.9","  30.9"," ","  19.9"," "," 0.00","G","999.9","000000"
"72429793812","2014-12-20","39.106","-84.41609","144.8","CINCINNATI MUNICIPAL AIRPORT LUNKEN FIELD, OH US","  31.2","24","  24.4","24","1026.5","24","007.8","24","  8.8","24","  1.4","24","  5.1","999.9","  33.1"," ","  19.9"," "," 0.00","G","999.9","001000"
"72429793812","2014-12-21","39.106","-84.41609","144.8","CINCINNATI MUNICIPAL AIRPORT LUNKEN FIELD, OH US","  30.1","24","  25.2","24","1026.2","21","007.8","24","  7.0","24","  1.5","24","  5.1","999.9","  37.0"," ","  19.9"," "," 0.00","G","999.9","000000"
"72429793812","2014-12-22","39.106","-84.41609","144.8","CINCINNATI MUNICIPAL AIRPORT LUNKEN FIELD, OH US","  35.2","24","  29.5","24","1016.8","23","998.4","24","  8.3","24","  2.0","24","  7.0","999.9","  52.0"," ","  19.9"," "," 0.00","G","999.9","000000"
"72429793812","2014-12-23","39.106","-84.41609","144.8","CINCINNATI MUNICIPAL AIRPORT LUNKEN FIELD, OH US","  48.6","24","  47.1","24","1008.3","14","990.3","24","  6.0","24","  2.3","24","  6.0","999.9","  55.0","*","  42.1","*"," 0.15","G","999.9","010000"
"72429793812","2014-12-24","39.106","-84.41609","144.8","CINCINNATI MUNICIPAL AIRPORT LUNKEN FIELD, OH US","  49.9","24","9999.9"," 0","1001.4"," 7","983.8","24","  4.6","24","  3.7","24"," 34.0"," 40.0","  55.9"," ","  42.1"," "," 0.03","G","999.9","110000"
"72429793812","2014-12-25","39.106","-84.41609","144.8","CINCINNATI MUNICIPAL AIRPORT LUNKEN FIELD, OH US","  39.2","24","  34.5","24","1015.5","13","996.9","24"," 10.0","24"," 10.1","24"," 14.0"," 21.0","  55.9"," ","  34.0"," "," 0.17","G","999.9","010000"
"72429793812","2014-12-26","39.106","-84.41609","144.8","CINCINNATI MUNICIPAL AIRPORT LUNKEN FIELD, OH US","  35.1","24","  30.5","24","1023.9","17","005.5","24","  6.7","24","  3.2","24"," 13.0","999.9","  53.1"," ","  21.0"," "," 0.01","G","999.9","100000"
"72429793812","2014-12-27","39.106","-84.41609","144.8","CINCINNATI MUNICIPAL AIRPORT LUNKEN FIELD, OH US","  41.7","24","  39.0","24","1022.4","23","004.0","24","  9.4","24","  3.3","24"," 12.0","999.9","  53.1"," ","  21.0"," "," 0.00","G","999.9","010000"
"72429793812","2014-12-28","39.106","-84.41609","144.8","CINCINNATI MUNICIPAL AIRPORT LUNKEN FIELD, OH US","  40.3","24","  37.9","24","1021.0","15","001.9","24","  7.7","24","  4.8","24","  9.9"," 14.0","  52.0"," ","  30.9"," "," 0.49","G","999.9","010000"
"72429793812","2014-12-29","39.106","-84.41609","144.8","CINCINNATI MUNICIPAL AIRPORT LUNKEN FIELD, OH US","  32.6","24","  26.5","24","1025.5","18","006.8","24","  9.3","24","  4.7","24","  8.9","999.9","  46.9"," ","  30.0"," "," 0.09","G","999.9","000000"
"72429793812","2014-12-30","39.106","-84.41609","144.8","CINCINNATI MUNICIPAL AIRPORT LUNKEN FIELD, OH US","  29.0","24","  18.9","24","1032.4","24","013.7","24"," 10.0","24","  6.4","24","  9.9","999.9","  37.0"," ","  23.0"," "," 0.00","G","999.9","000000"
"72429793812","2014-12-31","39.106","-84.41609","144.8","CINCINNATI MUNICIPAL AIRPORT LUNKEN FIELD, OH US","  21.9","24","   8.8","24","1035.0","24","016.0","24"," 10.0","24","  5.8","24","  9.9","999.9","  35.1"," ","  15.1"," "," 0.00","G","999.9","000000"
